m_1932,386640,41,92,,,43.04,33.08,5
m_1933,386640,41,92,,,43.04,33.08,5
m_1934,386640,41,92,,,43.04,33.08,5
m_1935,386640,41,10,,,43.04,33.08,5
m_1932,386670,43,92,,,43.04,33.08,5
m_1933,386670,43,92,,,43.04,33.08,5
m_1934,386670,43,92,,,43.04,33.08,5
m_1935,386670,99,92,,,43.04,33.08,5
m_1932,386690,44,92,,,43.05,33.08,5
m_1933,386690,44,92,,,43.05,33.08,5
m_1934,386690,44,92,,,43.05,33.08,5
m_1935,386690,44,10,,,43.05,33.08,5
m_1932,386800,46,92,,,43.05,33.08,3
m_1933,386800,46,92,,,43.05,33.08,3
m_1934,386800,46,92,,,43.05,33.08,3
m_1935,386800,46,92,,,43.05,33.08,3
m_1932,386930,44,93,,,43.05,33.09,4
m_1933,386930,44,93,,,43.05,33.09,4
m_1932,387000,41,93,,,43.05,33.09,4
m_1932,387090,46,93,,,43.05,33.09,3
m_1932,387170,47,93,,,43.05,33.09,4
m_1932,387180,46,93,,,43.05,33.09,3
m_1932,387200,46,93,,,43.05,33.09,3
m_1932,387530,46,93,,,43.06,33.1,5
m_1932,387610,73,97,,,43.06,33.1,7
m_1932,387690,75,97,,,43.06,33.1,5
m_1932,387840,68,96,,,43.07,33.1,3
m_1932,387900,71,96,,,43.07,33.1,5
m_1932,387950,68,96,,,43.07,33.1,5
m_1932,387990,66,96,,,43.07,33.1,4
m_1932,388050,55,96,,,43.07,33.11,2
m_1932,388160,52,97,,,43.07,33.11,5
m_1932,388170,53,96,,,43.07,33.11,5
m_1932,388260,41,83,,,43.07,33.11,3
m_1932,388330,37,83,,,43.08,33.11,4
m_1932,388340,36,83,,,43.08,33.11,4
m_1932,388500,35,83,,,43.08,33.11,6
m_1932,388620,35,84,,,43.08,33.12,3
m_1932,388650,32,83,,,43.08,33.12,3
m_1932,388730,37,83,,,43.08,33.12,3
m_1932,388770,34,83,,,43.08,33.12,2
m_1932,388780,30,83,,,43.08,33.12,2
m_1932,388790,31,83,,,43.08,33.12,2
m_1932,388870,38,85,,,43.08,33.12,4
m_1932,388900,35,84,,,43.09,33.12,4
m_1932,389010,47,86,,,43.09,33.12,4
m_1932,389100,49,88,,,43.09,33.12,8
m_1932,389120,46,86,,,43.09,33.12,8
m_1932,389190,40,87,,,43.09,33.13,8
m_1932,389240,36,87,,,43.09,33.13,5
m_1932,389430,41,88,,,43.1,33.13,4
m_1932,389520,46,87,,,43.1,33.13,3
m_1932,389530,46,88,,,43.1,33.13,3
m_1932,389640,48,86,,,43.1,33.13,7
m_1932,389710,57,87,,,43.11,33.13,6
m_1932,389800,47,86,,,43.11,33.14,6
m_1932,389890,47,86,,,43.11,33.14,2
m_1932,390040,36,86,,,43.12,33.14,11
m_1932,390380,62,87,,,43.12,33.15,4
m_1932,390410,43,86,,,43.12,33.15,4
m_1932,390460,35,86,,,43.12,33.15,4
m_1932,390470,30,86,,,43.13,33.15,4
m_1932,390580,27,85,,,43.13,33.15,3
m_1932,390750,34,85,,,43.13,33.16,5
m_1932,390900,40,86,,,43.13,33.16,4
m_1932,391040,39,86,,,43.14,33.16,5
m_1932,391090,39,86,,,43.14,33.16,3
m_1932,391150,35,85,,,43.14,33.17,3
m_1932,391280,41,86,,,43.14,33.17,3
m_1932,391390,40,88,,,43.14,33.17,3
m_1932,391400,43,88,,,43.14,33.17,3
m_1932,391440,51,89,,,43.14,33.17,7
m_1932,391450,53,88,,,43.14,33.17,7
m_1932,391810,41,87,,,43.15,33.18,3
m_1932,391880,36,84,,,43.15,33.18,4
m_1932,391900,40,85,,,43.15,33.18,4
m_1932,392000,68,87,,,43.16,33.18,2
m_1932,392020,85,88,,,43.16,33.18,2
m_1932,392180,53,91,,,43.16,33.18,2
m_1932,392190,49,89,,,43.16,33.18,2
m_1932,392210,29,84,,,43.16,33.18,2
m_1932,392420,41,87,,,43.17,33.19,3
m_1932,392460,49,87,,,43.18,33.19,4
m_1932,392550,31,87,,,43.19,33.19,3
m_1932,392600,61,87,,,43.19,33.19,2
m_1932,392690,42,88,,,43.2,33.19,4
m_1932,392800,43,86,,,43.2,33.19,8
m_1932,392830,51,86,,,43.2,33.19,4
m_1932,392940,49,87,,,43.2,33.2,5
m_1932,393060,48,86,,,43.21,33.2,3
m_1932,393140,61,90,,,43.21,33.2,18
m_1932,393260,50,91,,,43.21,33.2,10
m_1932,393350,52,92,,,43.21,33.21,4
m_1932,393400,59,91,,,43.22,33.21,5
m_1932,393420,51,90,,,43.22,33.21,8
m_1932,393530,50,89,,,43.22,33.21,4
m_1932,393680,59,92,,,43.22,33.21,7
m_1932,393790,59,92,,,43.22,33.21,6
m_1932,393840,56,93,,,43.23,33.22,6
m_1932,393880,58,92,,,43.23,33.22,6
m_1932,393970,54,92,,,43.23,33.22,5
m_1932,394010,39,91,,,43.23,33.22,5
m_1932,394090,49,92,,,43.24,33.22,5
m_1932,394110,44,92,,,43.24,33.22,5
m_1932,394130,60,92,,,43.24,33.22,5
m_1932,394230,41,89,,,43.24,33.22,5
m_1932,394340,60,93,,,43.24,33.22,16
m_1932,394690,36,89,,,43.25,33.23,19
m_1932,394720,42,89,,,43.26,33.23,19
m_1932,394760,47,90,,,43.26,33.23,9
m_1932,394900,47,90,,,43.26,33.24,11
m_1932,395150,44,90,,,43.27,33.24,16
m_1932,395210,38,90,,,43.27,33.24,10
m_1932,395290,43,90,,,43.27,33.24,11
m_1932,395330,44,91,,,43.27,33.24,11
m_1932,395350,52,92,,,43.27,33.24,9
m_1932,395680,46,93,,,43.28,33.25,8
m_1932,395710,47,93,,,43.28,33.25,9
m_1932,395780,47,94,,,43.28,33.25,6
m_1932,395790,44,93,,,43.28,33.25,6
m_1932,395860,39,93,,,43.29,33.25,7
m_1932,395890,43,94,,,43.29,33.26,7
m_1932,395980,42,95,,,43.29,33.26,5
m_1932,396160,55,95,,,43.29,33.26,14
m_1932,396190,46,93,,,43.3,33.26,27
m_1932,396250,55,96,,,43.3,33.26,4
m_1932,396280,43,96,,,43.3,33.26,4
m_1932,396290,38,96,,,43.3,33.26,4
m_1932,396380,43,94,,,43.31,33.27,5
m_1932,396520,48,95,,,43.31,33.27,8
m_1932,396630,57,96,,,43.31,33.27,5
m_1932,396650,55,97,,,43.31,33.27,5
m_1932,396850,48,91,,,43.32,33.27,10
m_1932,396860,48,91,,,43.32,33.27,10
m_1932,396900,41,91,,,43.32,33.28,8
m_1932,397110,52,94,,,43.33,33.28,9
m_1932,397260,39,91,,,43.33,33.28,6
m_1932,397280,39,91,,,43.33,33.28,6
m_1932,397520,45,91,,,43.34,33.29,8
m_1932,397570,45,90,,,43.34,33.29,8
m_1932,397630,61,92,,,43.34,33.29,6
m_1932,397670,61,92,,,43.34,33.29,6
m_1932,397790,67,94,,,43.35,33.3,7
m_1932,397870,56,93,,,43.35,33.3,8
m_1932,398040,42,92,,,43.36,33.3,3
m_1932,398060,60,93,,,43.36,33.3,3
m_1932,398150,50,92,,,43.36,33.3,5
m_1932,398160,46,93,,,43.36,33.3,4
m_1932,398220,44,92,,,43.36,33.31,5
m_1932,398230,43,92,,,43.36,33.31,5
m_1932,398380,48,92,,,43.36,33.31,4
m_1932,398400,40,92,,,43.36,33.31,6
m_1932,398550,52,94,,,43.37,33.31,19
m_1932,398570,37,92,,,43.37,33.31,19
m_1932,398710,41,92,,,43.38,33.31,7
m_1932,398750,45,92,,,43.38,33.32,7
m_1932,398920,33,93,,,43.38,33.32,6
m_1932,398980,34,92,,,43.38,33.32,6
m_1932,399110,38,95,,,43.39,33.32,7
m_1932,399320,44,97,,,43.39,33.32,5
m_1932,399460,37,95,,,43.4,33.33,4
m_1932,399590,28,93,,,43.4,33.33,6
m_1932,399630,42,93,,,43.41,33.33,6
m_1932,399920,48,93,,,43.41,33.33,7
m_1932,400010,35,91,,,43.41,33.34,5
m_1932,400090,34,92,,,43.42,33.34,11
m_1932,400210,31,92,,,43.42,33.34,2
m_1932,400250,36,93,,,43.42,33.34,2
m_1932,400500,34,94,,,43.42,33.34,3
m_1932,400520,41,95,,,43.42,33.34,3
m_1932,400630,50,97,,,43.43,33.35,4
m_1932,400670,36,94,,,43.43,33.35,4
m_1932,400720,35,93,,,43.43,33.35,5
m_1932,400780,35,93,,,43.43,33.35,5
m_1932,400820,33,94,,,43.43,33.35,6
m_1932,400830,33,93,,,43.43,33.35,6
m_1932,400990,35,93,,,43.44,33.35,6
m_1932,401010,27,92,,,43.44,33.35,6
m_1932,401080,31,91,,,43.44,33.35,4
m_1932,401120,34,92,,,43.44,33.35,4
m_1932,401250,37,92,,,43.45,33.35,6
m_1932,401470,39,93,,,43.45,33.36,3
m_1932,401550,32,92,,,43.45,33.36,6
m_1932,401680,36,93,,,43.46,33.36,5
m_1932,401910,32,94,,,43.46,33.37,4
m_1932,401960,37,96,,,43.46,33.37,5
m_1932,402040,35,95,,,43.47,33.37,5
m_1932,402080,34,94,,,43.47,33.37,6
m_1932,402160,37,95,,,43.47,33.37,5
m_1932,402170,33,95,,,43.47,33.37,5
m_1932,402180,31,96,,,43.47,33.37,5
m_1932,402200,29,95,,,43.47,33.37,5
m_1932,402250,39,95,,,43.47,33.37,4
m_1932,402260,35,94,,,43.47,33.37,4
m_1932,402330,36,94,,,43.47,33.37,13
m_1932,402390,40,96,,,43.47,33.37,7
m_1932,402510,40,97,,,43.48,33.38,12
m_1932,402590,34,95,,,43.48,33.38,5
m_1932,402860,33,94,,,43.49,33.38,5
m_1932,402900,27,94,,,43.49,33.38,3
m_1932,402940,23,93,,,43.49,33.38,3
m_1932,402950,23,93,,,43.49,33.38,3
m_1932,403130,28,93,,,43.49,33.38,4
m_1932,403260,31,93,,,43.49,33.39,3
m_1932,403390,33,95,,,43.5,33.39,5
m_1932,403490,31,96,,,43.5,33.39,4
m_1932,403500,31,96,,,43.5,33.39,3
m_1932,403860,23,94,,,43.51,33.4,3
m_1932,403870,26,94,,,43.51,33.4,3
m_1932,404000,31,96,,,43.51,33.4,4
m_1932,404090,26,94,,,43.51,33.4,3
m_1932,404110,40,95,,,43.51,33.4,2
m_1932,404150,37,97,,,43.51,33.4,2
m_1932,404270,37,96,,,43.51,33.4,4
m_1932,404280,32,95,,,43.51,33.4,3
m_1932,404290,30,95,,,43.51,33.4,3
m_1932,404390,27,96,,,43.52,33.4,2
m_1932,404400,28,96,,,43.52,33.4,2
m_1932,404540,27,96,,,43.52,33.41,4
m_1932,404570,25,95,,,43.52,33.41,4
m_1932,404670,31,96,,,43.52,33.41,5
m_1932,404860,26,95,,,43.53,33.41,4
m_1932,404900,22,96,,,43.53,33.41,3
m_1932,405110,28,96,,,43.53,33.42,5
m_1932,405130,29,96,,,43.53,33.42,5
m_1932,405150,27,96,,,43.53,33.42,5
m_1932,405200,23,96,,,43.53,33.42,5
m_1932,405390,35,95,,,43.54,33.42,6
m_1932,405470,23,95,,,43.54,33.42,4
m_1932,405490,23,95,,,43.54,33.42,3
m_1932,405510,23,95,,,43.54,33.42,3
m_1932,405560,23,95,,,43.54,33.42,3
m_1932,405610,33,96,,,43.54,33.42,2
m_1932,405790,26,97,,,43.54,33.43,2
m_1932,405870,28,97,,,43.54,33.43,4
m_1932,405980,24,96,,,43.54,33.43,3
m_1932,406000,26,96,,,43.54,33.43,3
m_1932,406060,23,95,,,43.55,33.43,3
m_1932,406170,25,96,,,43.55,33.43,3
m_1932,406200,25,97,,,43.55,33.43,2
m_1932,406290,23,96,,,43.55,33.44,4
m_1932,406330,30,97,,,43.55,33.44,3
m_1932,406360,24,96,,,43.55,33.44,3
m_1932,406370,25,97,,,43.55,33.44,3
m_1932,406500,21,96,,,43.55,33.44,2
m_1932,406530,26,97,,,43.55,33.44,2
m_1932,406570,41,97,,,43.55,33.44,6
m_1932,406590,26,97,,,43.55,33.44,6
m_1932,406640,29,97,,,43.56,33.44,3
m_1932,406650,29,97,,,43.56,33.44,3
m_1932,406660,28,97,,,43.56,33.44,3
m_1932,406730,31,97,,,43.56,33.44,4
m_1932,406810,36,97,,,43.56,33.44,3
m_1932,407110,32,93,,,43.56,33.45,9
m_1932,407210,25,92,,,43.57,33.45,9
m_1932,407260,28,93,,,43.57,33.45,5
m_1932,407300,32,93,,,43.57,33.45,3
m_1932,407320,35,93,,,43.57,33.45,3
m_1932,407680,29,93,,,43.57,33.46,11
m_1932,407690,28,93,,,43.57,33.46,11
m_1932,407750,25,90,,,43.57,33.46,3
m_1932,407810,20,90,,,43.58,33.46,2
m_1932,407940,18,90,,,43.58,33.46,2
m_1932,407950,21,91,,,43.58,33.46,2
m_1932,407990,18,90,,,43.58,33.46,2
m_1932,408050,20,89,,,43.58,33.46,2
m_1932,408080,19,89,,,43.58,33.46,2
m_1932,408460,19,89,,,43.58,33.47,2
m_1932,408630,21,90,,,43.58,33.47,2
m_1932,408690,25,92,,,43.59,33.47,3
m_1932,408860,25,90,,,43.59,33.48,6
m_1932,408900,24,91,,,43.59,33.48,6
m_1932,408940,27,92,,,43.59,33.48,6
m_1932,409050,32,90,,,43.59,33.48,6
m_1932,409100,36,91,,,43.59,33.48,8
m_1932,409140,23,90,,,43.59,33.48,6
m_1932,409280,28,92,,,43.6,33.48,4
m_1932,409430,22,91,,,43.6,33.49,5
m_1932,409620,26,91,,,43.6,33.49,12
m_1932,409740,21,90,,,43.61,33.49,4
m_1932,409750,27,91,,,43.61,33.49,4
m_1932,409870,31,93,,,43.61,33.5,3
m_1932,409890,25,93,,,43.61,33.5,3
m_1932,409920,29,94,,,43.61,33.5,5
m_1932,410030,26,94,,,43.61,33.5,6
m_1932,410050,32,94,,,43.61,33.5,4
m_1932,410060,47,95,,,43.61,33.5,4
m_1932,410110,48,94,,,43.61,33.5,5
m_1932,410390,43,91,,,43.62,33.5,2
m_1932,410410,45,92,,,43.62,33.5,3
m_1932,410420,43,92,,,43.62,33.5,3
m_1932,410430,45,92,,,43.62,33.5,3
m_1932,410490,43,92,,,43.62,33.5,2
m_1932,410550,43,92,,,43.62,33.5,3
m_1932,410660,44,91,,,43.62,33.51,3
m_1932,410750,45,92,,,43.62,33.51,4
m_1932,410780,22,91,,,43.62,33.51,2
m_1932,410800,26,92,,,43.62,33.51,2
m_1932,410860,30,93,,,43.62,33.51,2
m_1932,411170,21,92,,,43.62,33.51,3
m_1932,411200,20,91,,,43.62,33.51,3
m_1932,411220,23,92,,,43.62,33.51,3
m_1932,411270,25,92,,,43.63,33.51,2
m_1932,411290,38,93,,,43.63,33.51,2
m_1932,411360,32,93,,,43.63,33.51,2
m_1932,411380,30,93,,,43.63,33.51,2
m_1932,411480,28,93,,,43.63,33.52,2
m_1932,411560,36,96,,,43.63,33.52,4
m_1932,411690,28,94,,,43.63,33.52,6
m_1932,411700,27,94,,,43.63,33.52,6
m_1932,411800,42,94,,,43.63,33.52,3
m_1932,411860,22,95,,,43.64,33.52,4
m_1932,411880,25,95,,,43.64,33.52,4
m_1932,412050,26,96,,,43.64,33.53,2
m_1932,412060,25,96,,,43.64,33.53,2
m_1932,412300,38,94,,,43.64,33.53,6
m_1932,412440,28,93,,,43.64,33.53,3
m_1932,412490,26,92,,,43.64,33.53,3
m_1932,412830,26,93,,,43.65,33.54,2
m_1932,412910,21,92,,,43.65,33.54,3
m_1932,412960,21,92,,,43.65,33.54,3
m_1932,412990,22,93,,,43.65,33.54,2
m_1932,413130,23,93,,,43.65,33.54,3
m_1932,413170,20,93,,,43.65,33.54,3
m_1932,413320,28,95,,,43.65,33.55,5
m_1932,413330,29,96,,,43.66,33.55,5
m_1932,413350,30,96,,,43.66,33.55,4
m_1932,413410,31,96,,,43.66,33.55,7
m_1932,413470,31,95,,,43.66,33.55,8
m_1932,413500,29,96,,,43.66,33.55,8
m_1932,413740,26,97,,,43.66,33.55,7
m_1932,413760,28,97,,,43.66,33.55,6
m_1932,413850,25,96,,,43.66,33.55,3
m_1932,413860,26,96,,,43.66,33.55,3
m_1932,413990,23,96,,,43.66,33.56,3
m_1932,414000,23,96,,,43.66,33.56,3
m_1932,414030,26,96,,,43.66,33.56,3
m_1932,414060,23,96,,,43.66,33.56,2
m_1932,414160,27,94,,,43.67,33.56,3
m_1932,414350,29,95,,,43.67,33.56,2
m_1932,414470,25,93,,,43.67,33.57,3
m_1932,414480,24,93,,,43.67,33.57,3
m_1932,414560,24,93,,,43.67,33.57,2
m_1932,414590,25,93,,,43.67,33.57,2
m_1932,414630,26,94,,,43.67,33.57,2
m_1932,414810,24,94,,,43.67,33.57,3
m_1932,415020,21,94,,,43.68,33.57,2
m_1932,415040,25,95,,,43.68,33.57,2
m_1932,415050,23,94,,,43.68,33.57,2
m_1932,415060,26,95,,,43.68,33.57,2
m_1932,415070,25,94,,,43.68,33.57,2
m_1932,415080,23,94,,,43.68,33.57,3
m_1932,415140,26,95,,,43.68,33.57,2
m_1932,415280,28,96,,,43.68,33.58,3
m_1932,415440,26,93,,,43.68,33.58,3
m_1932,415480,27,94,,,43.68,33.58,3
m_1932,415570,31,95,,,43.69,33.58,3
m_1932,415580,30,96,,,43.69,33.58,3
m_1932,415590,29,96,,,43.69,33.58,3
m_1932,415670,22,94,,,43.69,33.58,6
m_1932,415840,29,95,,,43.69,33.58,4
m_1932,415960,25,94,,,43.69,33.59,10
m_1932,416030,33,93,,,43.69,33.59,5
m_1932,416300,30,95,,,43.7,33.59,4
m_1932,416320,27,94,,,43.7,33.59,4
m_1932,416440,25,94,,,43.7,33.59,3
m_1932,416490,23,95,,,43.7,33.59,3
m_1932,416500,23,95,,,43.7,33.59,3
m_1932,416570,23,95,,,43.7,33.6,6
m_1932,416610,20,94,,,43.7,33.6,4
m_1932,416750,29,96,,,43.7,33.6,3
m_1932,416760,37,96,,,43.7,33.6,3
m_1932,416960,29,97,,,43.7,33.6,3
m_1932,416970,30,97,,,43.7,33.6,3
m_1932,417120,39,96,,,43.71,33.6,5
m_1932,417500,32,96,,,43.71,33.61,6
m_1932,417640,25,96,,,43.71,33.61,3
m_1932,417810,26,96,,,43.72,33.61,3
m_1932,417840,26,96,,,43.72,33.61,3
m_1932,418080,29,95,,,43.72,33.62,3
m_1932,418170,25,95,,,43.72,33.62,4
m_1932,418200,22,94,,,43.72,33.62,5
m_1932,418250,24,94,,,43.72,33.62,5
m_1932,418260,25,94,,,43.72,33.62,2
m_1932,418270,26,94,,,43.72,33.62,2
m_1932,418300,24,94,,,43.72,33.62,2
m_1932,418350,23,94,,,43.72,33.62,2
m_1932,418400,25,94,,,43.72,33.62,4
m_1932,418430,22,94,,,43.72,33.62,4
m_1932,418450,25,94,,,43.72,33.62,3
m_1932,418740,23,93,,,43.73,33.63,2
m_1932,418790,24,94,,,43.73,33.63,2
m_1932,418910,21,92,,,43.73,33.63,3
m_1932,418920,23,92,,,43.73,33.63,5
m_1932,419040,19,92,,,43.73,33.63,3
m_1932,419170,31,95,,,43.74,33.63,6
m_1932,419260,37,96,,,43.74,33.64,8
m_1932,419290,29,96,,,43.74,33.64,5
m_1932,419470,33,94,,,43.74,33.64,3
m_1932,419630,34,91,,,43.74,33.64,8
m_1932,419840,42,94,,,43.75,33.64,5
m_1932,419870,42,94,,,43.75,33.64,5
m_1932,419960,27,95,,,43.75,33.64,5
m_1932,420140,30,95,,,43.75,33.65,2
m_1932,420190,30,95,,,43.75,33.65,3
m_1932,420300,37,92,,,43.75,33.65,5
m_1932,420340,34,91,,,43.75,33.65,5
m_1932,420360,29,91,,,43.75,33.65,3
m_1932,420450,23,91,,,43.76,33.65,2
m_1932,420500,27,91,,,43.76,33.65,3
m_1932,420670,40,93,,,43.76,33.65,2
m_1932,420680,37,94,,,43.76,33.65,2
m_1932,420690,33,93,,,43.76,33.65,2
m_1932,420750,34,95,,,43.76,33.65,2
m_1932,420950,32,95,,,43.76,33.66,6
m_1932,421160,25,94,,,43.76,33.66,4
m_1932,421490,36,97,,,43.77,33.66,7
m_1932,421640,29,95,,,43.77,33.67,3
m_1932,421790,31,94,,,43.77,33.67,4
m_1932,421940,29,93,,,43.78,33.67,2
m_1932,422070,28,93,,,43.78,33.67,2
m_1932,422270,39,94,,,43.78,33.68,3
m_1932,422330,34,94,,,43.78,33.68,3
m_1932,422350,37,95,,,43.78,33.68,3
m_1932,422370,30,94,,,43.78,33.68,3
m_1932,422390,32,94,,,43.79,33.68,3
m_1932,422450,30,93,,,43.79,33.68,3
m_1932,422610,27,93,,,43.79,33.68,2
m_1932,422980,42,96,,,43.79,33.69,4
m_1932,423010,32,95,,,43.79,33.69,9
m_1932,423090,31,95,,,43.8,33.69,4
m_1932,423210,39,95,,,43.8,33.69,3
m_1932,423390,25,94,,,43.8,33.69,5
m_1932,423430,24,93,,,43.8,33.69,4
m_1932,423570,25,93,,,43.8,33.69,3
m_1932,423650,30,93,,,43.8,33.7,3
m_1932,423660,29,93,,,43.8,33.7,3
m_1932,423720,37,94,,,43.8,33.7,2
m_1932,423780,39,94,,,43.81,33.7,3
m_1932,423790,37,94,,,43.81,33.7,3
m_1932,423880,30,95,,,43.81,33.7,3
m_1932,423890,30,95,,,43.81,33.7,3
m_1932,423930,31,96,,,43.81,33.7,2
m_1932,423950,34,96,,,43.81,33.7,2
m_1932,423990,30,95,,,43.81,33.7,4
m_1932,424000,30,95,,,43.81,33.7,4
m_1932,424110,28,94,,,43.81,33.7,4
m_1932,424170,31,95,,,43.81,33.7,5
m_1932,424260,30,95,,,43.81,33.71,4
m_1932,424340,26,95,,,43.82,33.71,2
m_1932,424370,26,95,,,43.82,33.71,2
m_1932,424420,24,95,,,43.82,33.71,4
m_1932,424480,21,94,,,43.82,33.71,5
m_1932,424560,22,94,,,43.82,33.71,2
m_1932,424690,24,93,,,43.82,33.71,5
m_1932,424700,21,93,,,43.82,33.71,5
m_1932,424780,26,92,,,43.82,33.71,8
m_1932,424820,30,93,,,43.82,33.72,6
m_1932,424940,24,94,,,43.83,33.72,3
m_1932,425350,32,95,,,43.83,33.73,2
m_1932,425460,23,95,,,43.84,33.73,2
m_1932,425470,24,95,,,43.84,33.73,2
m_1932,425480,22,95,,,43.84,33.73,2
m_1932,425680,25,97,,,43.84,33.73,3
m_1932,425690,25,97,,,43.84,33.73,3
m_1932,425770,25,97,,,43.84,33.73,4
m_1932,425820,23,95,,,43.84,33.73,3
m_1932,425880,24,95,,,43.84,33.73,2
m_1932,426080,24,92,,,43.85,33.74,7
m_1932,426210,27,93,,,43.85,33.74,3
m_1932,426440,33,94,,,43.85,33.74,3
m_1932,426510,32,94,,,43.85,33.74,3
m_1932,426580,29,95,,,43.85,33.74,2
m_1932,426670,31,96,,,43.86,33.74,5
m_1932,426710,28,95,,,43.86,33.74,5
m_1932,426780,25,95,,,43.86,33.75,4
m_1932,426880,30,96,,,43.86,33.75,4
m_1932,426900,30,96,,,43.86,33.75,3
m_1932,427060,28,95,,,43.86,33.75,5
m_1932,427180,25,93,,,43.86,33.75,7
m_1932,427190,27,93,,,43.86,33.75,7
m_1932,427270,33,95,,,43.87,33.75,10
m_1932,427420,29,92,,,43.87,33.76,5
m_1932,427430,26,92,,,43.87,33.76,5
m_1932,427740,21,93,,,43.87,33.76,8
m_1932,427800,28,94,,,43.88,33.76,9
m_1932,427950,36,96,,,43.88,33.77,4
m_1932,427990,23,97,,,43.88,33.77,3
m_1932,428110,24,97,,,43.88,33.77,5
m_1932,428180,23,96,,,43.88,33.77,3
m_1932,428330,22,96,,,43.88,33.77,2
m_1932,428370,22,96,,,43.88,33.77,3
m_1932,428470,22,96,,,43.88,33.77,2
m_1932,428500,32,97,,,43.89,33.77,2
m_1932,428530,47,97,,,43.89,33.77,4
m_1932,428710,40,96,,,43.89,33.77,3
m_1932,428790,25,95,,,43.89,33.78,3
m_1932,428830,29,95,,,43.89,33.78,3
m_1932,428870,24,95,,,43.89,33.78,3
m_1932,428930,26,95,,,43.89,33.78,2
m_1932,429030,27,95,,,43.89,33.78,2
m_1932,429040,26,94,,,43.89,33.78,2
m_1932,429140,27,96,,,43.9,33.78,4
m_1932,429170,37,95,,,43.9,33.78,4
m_1932,429250,24,95,,,43.9,33.78,2
m_1932,429310,25,96,,,43.9,33.78,3
m_1932,429430,26,95,,,43.9,33.79,4
m_1932,429670,47,93,,,43.91,33.79,5
m_1932,429730,29,93,,,43.91,33.79,4
m_1932,429740,25,93,,,43.91,33.79,4
m_1932,429750,26,93,,,43.91,33.79,4
m_1932,429880,29,92,,,43.91,33.79,4
m_1932,429930,24,92,,,43.91,33.79,4
m_1932,429940,25,93,,,43.91,33.79,4
m_1932,430050,29,93,,,43.91,33.79,2
m_1932,430090,21,92,,,43.91,33.79,5
m_1932,430320,30,96,,,43.91,33.8,3
m_1932,430340,24,94,,,43.91,33.8,3
m_1932,430440,25,92,,,43.92,33.8,2
m_1932,430830,27,93,,,43.92,33.8,2
m_1932,430930,16,91,,,43.92,33.81,4
m_1932,431030,22,93,,,43.92,33.81,2
m_1932,431210,23,95,,,43.93,33.81,4
m_1932,431270,21,94,,,43.93,33.81,5
m_1932,431320,20,94,,,43.93,33.81,9
m_1932,431440,28,95,,,43.93,33.81,8
m_1932,431500,19,95,,,43.93,33.81,5
m_1932,431510,20,94,,,43.93,33.81,5
m_1932,431600,24,95,,,43.93,33.81,4
m_1932,431770,24,97,,,43.93,33.81,2
m_1932,431780,23,97,,,43.93,33.81,2
m_1932,432060,23,94,,,43.94,33.82,3
m_1932,432140,32,95,,,43.94,33.82,3
m_1932,432150,50,95,,,43.94,33.82,3
m_1932,432160,43,95,,,43.94,33.82,3
m_1932,432310,25,93,,,43.94,33.82,3
m_1932,432330,30,94,,,43.94,33.82,3
m_1932,432370,36,95,,,43.94,33.82,2
m_1932,432390,34,96,,,43.94,33.82,2
m_1932,432420,36,97,,,43.94,33.82,2
m_1932,432520,39,96,,,43.95,33.82,5
m_1932,432660,42,94,,,43.95,33.83,3
m_1932,432730,32,97,,,43.95,33.83,4
m_1932,432830,34,95,,,43.95,33.83,4
m_1932,433000,37,94,,,43.96,33.83,3
m_1932,433050,40,95,,,43.96,33.83,5
m_1932,433310,32,95,,,43.96,33.84,3
m_1932,433670,30,96,,,43.97,33.84,2
m_1932,433830,28,96,,,43.97,33.84,3
m_1932,433860,30,96,,,43.97,33.84,3
m_1932,433920,31,94,,,43.97,33.84,4
m_1932,434070,38,94,,,43.97,33.85,3
m_1932,434090,49,94,,,43.97,33.85,3
m_1932,434200,44,92,,,43.98,33.85,4
m_1932,434210,45,93,,,43.98,33.85,4
m_1932,434360,51,94,,,43.98,33.85,3
m_1932,434620,54,96,,,43.98,33.85,5
m_1932,434750,27,94,,,43.98,33.85,3
m_1932,434780,23,92,,,43.98,33.85,2
m_1932,434870,40,92,,,43.99,33.85,7
m_1932,434880,42,92,,,43.99,33.86,3
m_1932,434930,50,93,,,43.99,33.86,3
m_1932,434980,25,92,,,43.99,33.86,3
m_1932,435180,33,93,,,43.99,33.86,2
m_1932,435600,20,93,,,44,33.86,2
m_1932,435680,23,92,,,44,33.86,3
m_1932,435730,29,93,,,44,33.86,3
m_1932,435800,25,93,,,44,33.87,5
m_1932,435850,29,93,,,44,33.87,4
m_1932,435880,32,93,,,44,33.87,4
m_1932,435950,31,93,,,44,33.87,3
m_1932,435970,29,92,,,44,33.87,2
m_1932,436470,45,97,,,44.01,33.87,2
m_1932,436530,47,97,,,44.01,33.87,3
m_1932,436550,44,95,,,44.01,33.87,3
m_1932,436610,45,95,,,44.01,33.87,3
m_1932,436740,37,91,,,44.01,33.88,2
m_1932,436960,36,88,,,44.02,33.88,3
m_1932,437220,32,85,,,44.02,33.88,9
m_1932,437230,34,85,,,44.02,33.88,9
m_1932,437390,41,87,,,44.03,33.88,5
m_1932,437480,27,85,,,44.03,33.88,3
m_1932,437540,28,86,,,44.03,33.89,3
m_1932,437580,27,87,,,44.03,33.89,3
m_1932,437620,23,88,,,44.03,33.89,3
m_1932,437670,24,89,,,44.03,33.89,2
m_1932,437810,26,88,,,44.03,33.89,5
m_1932,437870,21,88,,,44.03,33.89,3
m_1932,437920,26,90,,,44.03,33.89,3
m_1932,437950,29,90,,,44.03,33.89,5
m_1932,438040,33,91,,,44.04,33.89,5
m_1932,438110,28,90,,,44.04,33.89,5
m_1932,438170,30,90,,,44.04,33.89,5
m_1932,438200,28,91,,,44.04,33.89,5
m_1932,438280,23,87,,,44.04,33.89,3
m_1932,438380,24,86,,,44.04,33.89,2
m_1932,438500,35,86,,,44.04,33.9,2
m_1932,438770,29,85,,,44.05,33.9,4
m_1932,438980,22,86,,,44.05,33.9,2
m_1932,439070,20,86,,,44.05,33.9,2
m_1932,439110,27,87,,,44.05,33.9,2
m_1932,439390,36,89,,,44.06,33.91,3
m_1932,439400,33,90,,,44.06,33.91,3
m_1932,439450,39,91,,,44.06,33.91,4
m_1932,439490,33,90,,,44.06,33.91,4
m_1932,439590,34,90,,,44.06,33.91,2
m_1932,439620,28,90,,,44.06,33.91,4
m_1932,439670,27,90,,,44.06,33.91,4
m_1932,439710,32,90,,,44.06,33.91,4
m_1932,439740,24,88,,,44.06,33.91,5
m_1932,439760,29,88,,,44.06,33.91,5
m_1932,439830,25,87,,,44.06,33.91,12
m_1932,440040,46,89,,,44.07,33.91,6
m_1932,440080,37,89,,,44.07,33.92,6
m_1932,440090,36,87,,,44.07,33.92,6
m_1932,440310,32,90,,,44.07,33.92,3
m_1932,440340,34,90,,,44.07,33.92,5
m_1932,440390,38,91,,,44.08,33.92,5
m_1932,440570,41,91,,,44.08,33.92,4
m_1932,440620,37,91,,,44.08,33.92,4
m_1932,440690,52,90,,,44.08,33.93,5
m_1932,440730,58,90,,,44.08,33.93,6
m_1932,440930,61,91,,,44.09,33.93,5
m_1932,441060,40,91,,,44.09,33.93,5
m_1932,441080,31,89,,,44.09,33.93,5
m_1932,441130,27,89,,,44.09,33.93,3
m_1932,441360,26,88,,,44.1,33.94,5
m_1932,441420,29,90,,,44.1,33.94,4
m_1932,441530,26,91,,,44.1,33.94,3
m_1932,441560,26,92,,,44.1,33.94,3
m_1932,441650,29,91,,,44.1,33.94,6
m_1932,441710,30,92,,,44.1,33.94,4
m_1932,442000,44,92,,,44.11,33.95,5
m_1932,442050,47,92,,,44.11,33.95,4
m_1932,442100,47,92,,,44.11,33.95,5
m_1932,442170,36,91,,,44.12,33.95,3
m_1932,442230,27,90,,,44.12,33.95,4
m_1932,442410,39,90,,,44.12,33.95,3
m_1932,442460,41,90,,,44.12,33.96,6
m_1932,442540,48,91,,,44.12,33.96,6
m_1932,442630,45,91,,,44.13,33.96,4
m_1932,442660,35,90,,,44.13,33.96,4
m_1932,442740,33,91,,,44.13,33.96,3
m_1932,442850,37,92,,,44.13,33.96,4
m_1932,442910,39,92,,,44.13,33.96,4
m_1932,443070,36,90,,,44.14,33.96,9
m_1932,443100,32,90,,,44.14,33.96,3
m_1932,443190,33,90,,,44.14,33.97,3
m_1932,443250,31,91,,,44.14,33.97,2
m_1932,443280,32,91,,,44.14,33.97,3
m_1932,443310,32,92,,,44.14,33.97,3
m_1932,443550,35,90,,,44.15,33.97,3
m_1932,443570,34,89,,,44.15,33.97,3
m_1932,443580,36,89,,,44.15,33.97,7
m_1932,443620,34,90,,,44.15,33.97,7
m_1932,443700,38,92,,,44.15,33.97,11
m_1932,443710,41,93,,,44.15,33.97,11
m_1932,443770,38,94,,,44.15,33.97,14
m_1932,443870,40,96,,,44.16,33.97,3
m_1932,444030,44,95,,,44.16,33.98,4
m_1932,444390,44,88,,,44.17,33.98,6
m_1932,444440,39,89,,,44.17,33.98,4
m_1932,444590,45,93,,,44.18,33.99,5
m_1932,445100,46,93,,,44.19,33.99,8
m_1932,445150,41,91,,,44.19,34,5
m_1932,445220,32,89,,,44.19,34,6
m_1932,445320,33,90,,,44.2,34,4
m_1932,445330,33,91,,,44.2,34,4
m_1932,445410,38,93,,,44.2,34,10
m_1932,445460,38,93,,,44.2,34,9
m_1932,445510,43,91,,,44.2,34,21
m_1932,445590,41,92,,,44.2,34,6
m_1932,445620,35,91,,,44.2,34,7
m_1932,445670,34,89,,,44.21,34,7
m_1932,445780,29,88,,,44.21,34,3
m_1932,445990,27,88,,,44.21,34.01,4
m_1932,446010,30,88,,,44.21,34.01,4
m_1932,446020,36,89,,,44.21,34.01,4
m_1932,446080,36,90,,,44.21,34.01,8
m_1932,446210,40,91,,,44.22,34.01,5
m_1932,446590,46,93,,,44.23,34.02,14
m_1932,446600,43,94,,,44.23,34.02,14
m_1932,446790,41,96,,,44.23,34.02,15
m_1932,446800,48,97,,,44.23,34.02,15
m_1932,446860,52,97,,,44.24,34.02,11
m_1932,446920,53,96,,,44.24,34.02,13
m_1932,447370,43,87,,,44.25,34.03,30
m_1932,447380,41,86,,,44.25,34.03,30
m_1932,447400,39,85,,,44.25,34.03,30
m_1932,447410,43,84,,,44.25,34.03,30
m_1932,447470,49,86,,,44.25,34.03,25
m_1932,447480,52,87,,,44.25,34.03,15
m_1932,447600,59,88,,,44.26,34.03,14
m_1932,447770,40,89,,,44.26,34.03,17
m_1932,447820,50,89,,,44.26,34.03,9
m_1932,448120,46,87,,,44.27,34.04,22
m_1932,448190,42,88,,,44.27,34.04,13
m_1932,448280,41,88,,,44.28,34.04,12
m_1932,448370,49,87,,,44.28,34.05,17
m_1932,448400,50,87,,,44.28,34.05,7
m_1932,448510,39,86,,,44.28,34.05,8
m_1932,448540,37,88,,,44.28,34.05,8
m_1932,448680,31,86,,,44.28,34.05,5
m_1932,448880,37,88,,,44.29,34.05,10
m_1932,449010,40,90,,,44.29,34.05,4
m_1932,449040,34,88,,,44.29,34.06,3
m_1932,449200,27,85,,,44.3,34.06,5
m_1932,449250,29,84,,,44.3,34.06,2
m_1932,449290,35,85,,,44.3,34.06,5
m_1932,449430,39,88,,,44.3,34.06,7
m_1932,449480,36,88,,,44.3,34.06,5
m_1932,449630,45,86,,,44.3,34.06,6
m_1932,449640,44,87,,,44.3,34.06,6
m_1932,449690,45,88,,,44.3,34.06,6
m_1932,449760,41,88,,,44.31,34.07,4
m_1932,449910,32,88,,,44.31,34.07,4
m_1932,449930,40,89,,,44.31,34.07,4
m_1932,449940,38,89,,,44.31,34.07,4
m_1932,450010,51,89,,,44.31,34.07,5
m_1932,450080,47,91,,,44.32,34.07,5
m_1932,450130,44,90,,,44.32,34.07,6
m_1932,450200,50,88,,,44.32,34.07,5
m_1932,450340,72,90,,,44.33,34.07,10
m_1932,450610,42,88,,,44.33,34.08,11
m_1932,450750,46,90,,,44.33,34.08,13
m_1932,450830,33,89,,,44.34,34.08,10
m_1932,450970,39,92,,,44.34,34.08,5
m_1932,450980,39,92,,,44.34,34.08,5
m_1932,451030,38,91,,,44.34,34.09,5
m_1932,451090,37,91,,,44.34,34.09,5
m_1932,451120,40,92,,,44.34,34.09,5
m_1932,451440,48,91,,,44.35,34.09,10
m_1932,451520,43,92,,,44.35,34.09,4
m_1932,451540,39,92,,,44.35,34.09,4
m_1932,451610,39,92,,,44.35,34.09,6
m_1932,451940,30,88,,,44.36,34.1,6
m_1932,451970,28,86,,,44.36,34.1,6
m_1932,452010,34,88,,,44.36,34.1,10
m_1932,452240,49,90,,,44.36,34.1,8
m_1932,452310,47,90,,,44.37,34.1,16
m_1932,452370,38,88,,,44.37,34.1,14
m_1932,452400,36,88,,,44.37,34.11,9
m_1932,452410,39,88,,,44.37,34.11,9
m_1932,452460,38,89,,,44.37,34.11,3
m_1932,452560,60,90,,,44.37,34.11,5
m_1932,452800,44,88,,,44.38,34.11,6
m_1932,452860,61,94,,,44.38,34.11,13
m_1932,452920,42,93,,,44.38,34.11,12
m_1932,452950,51,95,,,44.38,34.11,10
m_1932,453000,45,95,,,44.39,34.11,16
m_1932,453060,57,97,,,44.39,34.12,13
m_1932,453480,57,96,,,44.4,34.13,8
m_1932,453560,57,91,,,44.4,34.13,8
m_1932,453660,53,92,,,44.4,34.13,12
m_1932,453680,50,91,,,44.4,34.13,12
m_1932,453720,55,90,,,44.41,34.13,9
m_1932,453770,60,92,,,44.41,34.13,9
m_1932,453790,68,92,,,44.41,34.13,16
m_1932,453820,69,92,,,44.41,34.13,16
m_1932,453880,85,96,,,44.41,34.13,8
m_1932,454070,87,93,,,44.42,34.14,8
m_1932,454090,85,94,,,44.42,34.14,7
m_1932,454230,83,96,,,44.43,34.14,10
m_1932,454340,81,92,,,44.43,34.14,8
m_1932,454460,79,93,,,44.44,34.14,9
m_1932,454660,48,89,,,44.45,34.14,4
m_1932,454740,46,90,,,44.45,34.14,9
m_1932,454910,49,91,,,44.45,34.15,9
m_1932,455110,59,92,,,44.46,34.15,14
m_1932,455180,60,94,,,44.46,34.15,7
m_1932,455200,60,93,,,44.46,34.15,7
m_1932,455300,70,93,,,44.46,34.15,7
m_1932,455320,63,93,,,44.46,34.16,7
m_1932,455380,56,91,,,44.47,34.16,5
m_1932,455400,52,91,,,44.47,34.16,9
m_1932,455520,46,89,,,44.47,34.16,6
m_1932,455540,54,91,,,44.47,34.16,6
m_1932,455640,46,89,,,44.47,34.16,12
m_1932,456190,58,93,,,44.49,34.17,21
m_1932,456250,59,95,,,44.49,34.17,20
m_1932,456260,59,95,,,44.49,34.17,20
m_1932,456310,60,93,,,44.49,34.17,28
m_1932,456380,62,95,,,44.49,34.17,25
m_1932,456440,74,95,,,44.5,34.17,31
m_1932,456470,69,94,,,44.5,34.18,31
m_1932,456540,67,93,,,44.5,34.18,34
m_1932,456560,68,93,,,44.5,34.18,34
m_1932,456590,56,94,,,44.5,34.18,34
m_1932,456620,62,95,,,44.5,34.18,23
m_1932,456750,55,96,,,44.51,34.18,24
m_1932,456870,58,97,,,44.51,34.19,14
m_1932,456950,56,96,,,44.51,34.19,22
m_1932,456980,54,95,,,44.51,34.19,15
m_1932,456990,55,95,,,44.51,34.19,15
m_1932,457000,57,96,,,44.51,34.19,15
m_1932,457130,56,96,,,44.52,34.19,12
m_1932,457260,55,97,,,44.52,34.19,6
m_1932,457310,65,97,,,44.52,34.19,6
m_1932,457420,53,91,,,44.53,34.2,9
m_1932,457490,57,90,,,44.53,34.2,10
m_1932,457520,52,90,,,44.53,34.2,9
m_1932,457610,46,90,,,44.53,34.2,10
m_1932,457720,38,87,,,44.53,34.2,11
m_1932,457830,43,89,,,44.54,34.21,18
m_1932,457940,40,89,,,44.54,34.21,17
m_1932,458070,54,92,,,44.55,34.21,13
m_1932,458090,54,93,,,44.55,34.21,13
m_1932,458100,54,93,,,44.55,34.21,12
m_1932,458300,62,90,,,44.55,34.22,21
m_1932,458520,56,89,,,44.56,34.22,20
m_1932,458580,56,90,,,44.56,34.22,15
m_1932,458620,59,91,,,44.56,34.23,15
m_1932,458860,70,94,,,44.57,34.23,13
m_1932,458920,56,90,,,44.57,34.23,21
m_1932,458950,58,91,,,44.57,34.23,11
m_1932,459010,63,88,,,44.57,34.23,12
m_1932,459030,59,88,,,44.57,34.24,12
m_1932,459040,63,87,,,44.57,34.24,12
m_1932,459120,57,87,,,44.58,34.24,17
m_1932,459400,53,86,,,44.58,34.24,13
m_1932,459460,53,88,,,44.59,34.25,11
m_1932,460000,43,84,,,44.6,34.26,10
m_1932,460110,47,85,,,44.6,34.26,4
m_1932,460160,43,84,,,44.6,34.26,3
m_1932,460430,56,85,,,44.61,34.27,3
m_1932,460650,48,85,,,44.61,34.27,6
m_1932,460700,44,85,,,44.61,34.27,6
m_1932,460820,57,83,,,44.62,34.28,9
m_1932,460940,71,86,,,44.62,34.28,8
m_1932,460950,72,86,,,44.62,34.28,8
m_1932,461000,67,88,,,44.62,34.28,7
m_1932,461110,64,85,,,44.63,34.28,7
m_1932,461170,58,85,,,44.63,34.28,6
m_1932,461190,59,83,,,44.63,34.28,6
m_1932,461240,58,83,,,44.63,34.28,9
m_1932,461360,55,83,,,44.63,34.29,6
m_1932,461400,54,84,,,44.63,34.29,2
m_1932,461460,54,84,,,44.63,34.29,3
m_1932,461580,54,83,,,44.64,34.29,5
m_1932,461880,52,84,,,44.64,34.3,3
m_1932,461890,54,84,,,44.64,34.3,3
m_1932,462000,53,84,,,44.64,34.3,8
m_1932,462060,61,87,,,44.65,34.3,6
m_1932,462130,58,87,,,44.65,34.3,7
m_1932,462340,57,88,,,44.65,34.3,13
m_1932,462580,58,86,,,44.66,34.31,17
m_1932,462640,74,88,,,44.66,34.31,12
m_1932,462850,55,89,,,44.66,34.31,9
m_1932,462880,55,89,,,44.66,34.32,9
m_1932,462920,53,88,,,44.66,34.32,6
m_1932,462940,53,87,,,44.66,34.32,6
m_1932,463010,51,86,,,44.67,34.32,9
m_1932,463130,52,86,,,44.67,34.32,5
m_1932,463310,53,85,,,44.67,34.32,8
m_1932,463490,53,87,,,44.67,34.33,5
m_1932,463540,56,87,,,44.68,34.33,3
m_1932,463590,57,87,,,44.68,34.33,4
m_1932,463690,55,87,,,44.68,34.33,4
m_1932,463740,64,89,,,44.68,34.33,2
m_1932,463890,60,92,,,44.69,34.33,4
m_1932,464120,56,88,,,44.69,34.34,4
m_1932,464280,64,90,,,44.69,34.34,6
m_1932,464480,66,93,,,44.7,34.34,4
m_1932,464520,62,94,,,44.7,34.34,5
m_1932,464630,63,96,,,44.71,34.35,6
m_1932,464770,55,94,,,44.71,34.35,5
m_1932,464890,56,91,,,44.72,34.35,9
m_1932,465460,61,88,,,44.73,34.36,6
m_1932,465510,64,89,,,44.73,34.37,6
m_1932,465580,57,91,,,44.74,34.37,8
m_1932,465660,66,91,,,44.74,34.37,11
m_1932,465700,64,89,,,44.74,34.37,11
m_1932,465740,63,90,,,44.74,34.37,10
m_1932,465770,56,89,,,44.74,34.37,10
m_1932,465840,56,89,,,44.74,34.37,6
m_1932,465920,57,91,,,44.74,34.37,17
m_1932,465950,59,90,,,44.74,34.37,17
m_1932,465980,61,90,,,44.75,34.37,5
m_1932,466030,66,90,,,44.75,34.38,15
m_1932,466110,46,87,,,44.75,34.38,11
m_1932,466180,57,92,,,44.75,34.38,6
m_1932,466300,51,89,,,44.75,34.38,7
m_1932,466350,44,88,,,44.76,34.38,11
m_1932,466420,40,89,,,44.76,34.38,7
m_1932,466510,45,89,,,44.76,34.39,6
m_1932,466520,43,89,,,44.76,34.39,6
m_1932,466600,46,89,,,44.76,34.39,18
m_1932,466610,50,89,,,44.76,34.39,18
m_1932,466690,53,90,,,44.76,34.39,5
m_1932,466830,40,89,,,44.77,34.39,8
m_1932,467060,38,88,,,44.77,34.4,6
m_1932,467300,40,90,,,44.78,34.4,4
m_1932,467380,39,89,,,44.78,34.41,18
m_1932,467440,51,90,,,44.78,34.41,3
m_1932,467480,41,89,,,44.78,34.41,5
m_1932,467500,38,88,,,44.78,34.41,5
m_1932,467520,40,88,,,44.78,34.41,4
m_1932,467560,37,88,,,44.78,34.41,4
m_1932,467620,41,88,,,44.78,34.41,3
m_1932,467650,40,88,,,44.79,34.41,5
m_1932,467740,40,89,,,44.79,34.41,10
m_1932,467800,49,89,,,44.79,34.41,8
m_1932,467880,37,88,,,44.79,34.42,3
m_1932,467910,45,89,,,44.79,34.42,3
m_1932,468000,39,90,,,44.79,34.42,3
m_1932,468100,49,91,,,44.79,34.42,3
m_1932,468120,44,91,,,44.79,34.42,3
m_1932,468390,51,91,,,44.8,34.42,5
m_1932,468430,46,92,,,44.8,34.43,7
m_1932,468650,37,89,,,44.81,34.43,6
m_1932,468770,41,91,,,44.81,34.43,7
m_1932,468890,47,93,,,44.81,34.43,3
m_1932,469020,42,91,,,44.82,34.44,6
m_1932,469060,35,90,,,44.82,34.44,6
m_1932,469150,40,90,,,44.82,34.44,3
m_1932,469180,29,88,,,44.82,34.44,3
m_1932,469190,31,88,,,44.82,34.44,3
m_1932,469210,37,89,,,44.82,34.44,6
m_1932,469220,35,89,,,44.82,34.44,6
m_1932,469260,42,92,,,44.82,34.44,7
m_1932,469320,50,94,,,44.82,34.44,4
m_1932,469840,43,96,,,44.84,34.45,20
m_1932,469870,44,96,,,44.84,34.45,4
m_1932,469910,41,96,,,44.84,34.46,4
m_1932,469960,48,95,,,44.84,34.46,5
m_1932,470110,41,95,,,44.84,34.46,9
m_1932,470220,44,94,,,44.84,34.46,7
m_1932,470250,49,93,,,44.85,34.46,7
m_1932,470380,40,93,,,44.85,34.47,7
m_1932,470400,39,93,,,44.85,34.47,6
m_1932,470520,38,94,,,44.85,34.47,7
m_1932,470600,44,96,,,44.85,34.47,6
m_1932,470660,39,94,,,44.86,34.47,6
m_1932,470750,44,94,,,44.86,34.47,3
m_1932,470800,42,95,,,44.86,34.47,11
m_1932,470810,43,94,,,44.86,34.48,11
m_1932,470930,46,92,,,44.86,34.48,2
m_1932,471160,34,90,,,44.87,34.48,2
m_1932,471190,35,90,,,44.87,34.48,2
m_1932,471270,33,90,,,44.87,34.49,12
m_1932,471370,46,90,,,44.87,34.49,3
m_1932,471490,40,93,,,44.88,34.49,3
m_1932,471690,41,95,,,44.88,34.49,4
m_1932,471810,35,93,,,44.88,34.5,3
m_1932,471870,36,93,,,44.89,34.5,6
m_1932,471880,42,94,,,44.89,34.5,6
m_1932,471920,42,94,,,44.89,34.5,4
m_1932,472040,46,91,,,44.89,34.5,4
m_1932,472260,49,94,,,44.9,34.51,3
m_1932,472490,47,92,,,44.9,34.51,5
m_1932,472760,38,92,,,44.91,34.52,7
m_1932,472810,44,92,,,44.91,34.52,5
m_1932,472860,43,93,,,44.91,34.52,3
m_1932,472960,45,94,,,44.91,34.52,7
m_1932,472970,46,94,,,44.91,34.53,7
m_1932,473030,40,94,,,44.92,34.53,10
m_1932,473150,41,92,,,44.92,34.53,8
m_1932,473220,45,90,,,44.92,34.53,12
m_1932,473240,49,90,,,44.92,34.53,12
m_1932,473270,45,90,,,44.92,34.53,12
m_1932,473330,47,91,,,44.92,34.54,11
m_1932,473350,41,91,,,44.92,34.54,8
m_1932,473370,39,92,,,44.92,34.54,8
m_1932,473380,41,92,,,44.93,34.54,8
m_1932,473480,40,92,,,44.93,34.54,4
m_1932,473560,47,95,,,44.93,34.54,4
m_1932,473580,42,94,,,44.93,34.54,5
m_1932,473690,40,93,,,44.93,34.54,10
m_1932,473700,40,93,,,44.93,34.54,7
m_1932,474000,54,95,,,44.94,34.55,8
m_1932,474010,65,95,,,44.94,34.55,8
m_1932,474070,43,95,,,44.94,34.55,3
m_1932,474080,40,95,,,44.94,34.55,3
m_1932,474090,40,95,,,44.94,34.55,3
m_1932,474130,38,95,,,44.94,34.55,6
m_1932,474210,34,96,,,44.94,34.55,4
m_1932,474270,45,98,,,44.94,34.56,5
m_1932,474480,47,92,,,44.95,34.56,5
m_1932,474660,39,91,,,44.95,34.56,4
m_1932,474670,44,91,,,44.95,34.56,4
m_1932,474720,38,90,,,44.96,34.57,3
m_1932,474870,37,92,,,44.96,34.57,4
m_1932,475110,56,92,,,44.96,34.57,8
m_1932,475220,52,92,,,44.96,34.58,4
m_1932,475230,53,91,,,44.96,34.58,4
m_1932,475330,52,91,,,44.97,34.58,2
m_1932,475730,48,89,,,44.97,34.58,5
m_1932,475740,53,90,,,44.97,34.58,3
m_1932,475790,56,90,,,44.98,34.59,3
m_1932,475820,53,90,,,44.98,34.59,2
m_1932,475950,36,91,,,44.98,34.59,3
m_1932,476020,34,90,,,44.98,34.59,3
m_1932,476050,33,90,,,44.98,34.59,6
m_1932,476060,42,90,,,44.98,34.59,6
m_1932,476070,29,90,,,44.98,34.59,6
m_1932,476110,47,93,,,44.98,34.59,9
m_1932,476160,35,92,,,44.98,34.59,5
m_1932,476170,36,92,,,44.99,34.59,5
m_1932,476180,31,90,,,44.99,34.6,5
m_1932,476360,43,91,,,44.99,34.6,4
m_1932,476430,34,90,,,44.99,34.6,4
m_1932,476600,35,89,,,44.99,34.6,3
m_1932,476670,32,91,,,45,34.6,2
m_1932,476800,29,90,,,45,34.61,2
m_1932,476820,29,90,,,45,34.61,2
m_1932,476910,27,90,,,45,34.61,2
m_1932,476930,30,90,,,45,34.61,2
m_1932,476980,26,89,,,45,34.61,4
m_1932,477170,32,91,,,45,34.61,4
m_1932,477270,35,92,,,45.01,34.62,5
m_1932,477320,45,91,,,45.01,34.62,6
m_1932,477360,31,91,,,45.01,34.62,5
m_1932,477370,33,90,,,45.01,34.62,5