timestamp,message,class,level
1419335350,There are no ConnectionStateListeners registered.,o.a.c.f.s.ConnectionStateManager,WARN
1419335352,There are no ConnectionStateListeners registered.,o.a.c.f.s.ConnectionStateManager,WARN
1419335397,There are no ConnectionStateListeners registered.,o.a.c.f.s.ConnectionStateManager,WARN
1419335397,Received event :disconnected::none: with disconnected Zookeeper.,b.s.cluster,WARN
1419335397,There are no ConnectionStateListeners registered.,o.a.c.f.s.ConnectionStateManager,WARN
1419378124,There are no ConnectionStateListeners registered.,o.a.c.f.s.ConnectionStateManager,WARN
1419378124,Received event :disconnected::none: with disconnected Zookeeper.,b.s.cluster,WARN
1419378125,There are no ConnectionStateListeners registered.,o.a.c.f.s.ConnectionStateManager,WARN
