timestamp,message,class,level
1419335334,There are no ConnectionStateListeners registered.,o.a.c.f.s.ConnectionStateManager,WARN
1419335335,There are no ConnectionStateListeners registered.,o.a.c.f.s.ConnectionStateManager,WARN
1419335404,There are no ConnectionStateListeners registered.,o.a.c.f.s.ConnectionStateManager,WARN
1419335406,There are no ConnectionStateListeners registered.,o.a.c.f.s.ConnectionStateManager,WARN
1419378124,There are no ConnectionStateListeners registered.,o.a.c.f.s.ConnectionStateManager,WARN
1419378124,Received event :disconnected::none: with disconnected Zookeeper.,b.s.cluster,WARN
1419378124,There are no ConnectionStateListeners registered.,o.a.c.f.s.ConnectionStateManager,WARN
1419409957,There are no ConnectionStateListeners registered.,o.a.c.f.s.ConnectionStateManager,WARN
1419409957,Received event :disconnected::none: with disconnected Zookeeper.,b.s.cluster,WARN
1419409957,There are no ConnectionStateListeners registered.,o.a.c.f.s.ConnectionStateManager,WARN
1419603591,There are no ConnectionStateListeners registered.,o.a.c.f.s.ConnectionStateManager,WARN
1419603592,There are no ConnectionStateListeners registered.,o.a.c.f.s.ConnectionStateManager,WARN
1419603594,There are no ConnectionStateListeners registered.,o.a.c.f.s.ConnectionStateManager,WARN
1419603594,There are no ConnectionStateListeners registered.,o.a.c.f.s.ConnectionStateManager,WARN
1419603594,There are no ConnectionStateListeners registered.,o.a.c.f.s.ConnectionStateManager,WARN
1419603654,No data found in Kafka Partition partition_0,s.k.KafkaUtils,WARN
1419603714,No data found in Kafka Partition partition_0,s.k.KafkaUtils,WARN
1419603774,No data found in Kafka Partition partition_0,s.k.KafkaUtils,WARN
1419603834,No data found in Kafka Partition partition_0,s.k.KafkaUtils,WARN
1419603894,No data found in Kafka Partition partition_0,s.k.KafkaUtils,WARN
1419603954,No data found in Kafka Partition partition_0,s.k.KafkaUtils,WARN
1419604014,No data found in Kafka Partition partition_0,s.k.KafkaUtils,WARN
1419604074,No data found in Kafka Partition partition_0,s.k.KafkaUtils,WARN
1419604134,No data found in Kafka Partition partition_0,s.k.KafkaUtils,WARN
