timestamp,tuples-emitted,tuples-received,process-mean,process-count,process-stddev,process-p95,process-p99,throughput
1593706990,2,2,0.000000,0,0.000000,0.000000,0.000000,0
1593706995,30,30,0.000000,0,0.000000,0.000000,0.000000,6
1593707000,71,71,0.094031,2,0.012320,0.106726,0.106726,8
1593707005,97,97,0.094031,2,0.012320,0.106726,0.106726,5
1593707010,173,173,0.068427,10,0.023950,0.112311,0.112311,15
1593707015,273,273,0.068563,13,0.024191,0.112311,0.112311,20
1593707020,326,326,0.060079,21,0.021599,0.106726,0.112311,11
1593707025,385,385,0.058781,23,0.020864,0.106726,0.112311,12
1593707030,480,480,0.057571,26,0.019770,0.106726,0.112311,19
1593707035,533,533,0.053612,33,0.018375,0.103326,0.112311,11
1593707040,593,593,0.052486,37,0.017545,0.103326,0.112311,12
1593707045,639,639,0.051700,40,0.016868,0.103326,0.112311,9
1593707050,704,704,0.051513,41,0.016609,0.103326,0.112311,13
1593707055,774,774,0.050725,45,0.015693,0.082075,0.112311,14
1593707060,826,826,0.050792,48,0.015211,0.082075,0.112311,10
1593707065,877,877,0.056742,55,0.043157,0.106726,0.296835,10
1593707070,941,941,0.056208,59,0.041088,0.103326,0.296835,13
1593707075,1024,1024,0.055558,60,0.040700,0.103326,0.296835,17
1593707080,1091,1091,0.054705,64,0.038548,0.082075,0.296835,13
1593707085,1174,1174,0.053007,70,0.035840,0.079610,0.296835,17
1593707090,1253,1253,0.054046,71,0.035957,0.093699,0.296835,16
1593707095,1330,1330,0.053981,72,0.035468,0.093699,0.296835,15
1593707100,1379,1379,0.052899,75,0.034173,0.093699,0.296835,10
1593707105,1475,1475,0.050893,82,0.031541,0.082075,0.296835,19
1593707110,1535,1535,0.050320,86,0.030134,0.079610,0.296835,12
1593707115,1611,1611,0.049999,91,0.028556,0.074973,0.296835,15
1593707120,1682,1682,0.049653,94,0.027611,0.074973,0.296835,14
1593707125,1750,1750,0.050556,97,0.028128,0.093699,0.112311,14
1593707130,1822,1822,0.049861,101,0.026944,0.093699,0.112311,14
1593707135,1916,1916,0.049313,105,0.025929,0.082075,0.112311,19
1593707140,2002,2002,0.049011,110,0.024611,0.074973,0.112311,17
1593707145,2096,2096,0.048546,113,0.023884,0.074973,0.108203,19
1593707150,2163,2163,0.048292,115,0.023414,0.063100,0.108203,13
1593707155,2242,2242,0.047835,117,0.022979,0.063100,0.108203,16
1593707160,2319,2319,0.047378,120,0.022271,0.061599,0.108203,15
1593707165,2373,2373,0.047156,122,0.021763,0.061599,0.108203,11
1593707170,2460,2460,0.045182,132,0.020032,0.059124,0.108203,17
1593707175,2532,2532,0.045155,140,0.018561,0.056764,0.108203,14
1593707180,2628,2628,0.044884,146,0.017569,0.055174,0.108203,19
1593707185,2713,2713,0.044442,150,0.017024,0.054967,0.108203,17
1593707190,2787,2787,0.044350,156,0.016129,0.053623,0.108203,15
1593707195,2877,2877,0.044464,157,0.016004,0.052737,0.108203,18
1593707200,2944,2944,0.044549,162,0.015546,0.056764,0.106726,13
1593707205,3001,3001,0.044576,166,0.015047,0.055174,0.103326,11
1593707210,3074,3074,0.044300,169,0.014707,0.054967,0.093699,14
1593707215,3130,3130,0.044087,172,0.014665,0.059390,0.093699,11
1593707220,3183,3183,0.043820,174,0.014441,0.059390,0.093699,11
1593707225,3253,3253,0.043884,177,0.014160,0.059390,0.093699,14
1593707230,3338,3338,0.044127,182,0.013522,0.056764,0.082075,17
1593707235,3396,3396,0.045020,186,0.014577,0.063100,0.086643,12
1593707240,3452,3452,0.044940,190,0.014048,0.063063,0.086643,11
1593707245,3512,3512,0.045047,193,0.013649,0.063063,0.086643,12
1593707250,3590,3590,0.044840,194,0.013592,0.063063,0.086643,16
1593707255,3628,3628,0.044792,195,0.013452,0.063063,0.086643,8
1593707260,3628,3628,0.044792,195,0.013452,0.063063,0.086643,0
1593707265,3628,3628,0.044792,195,0.013452,0.063063,0.086643,0
1593707270,3628,3628,0.044792,195,0.013452,0.063063,0.086643,0
1593707275,3628,3628,0.044792,195,0.013452,0.063063,0.086643,0
1593707280,3687,3687,0.044592,196,0.013296,0.063063,0.086643,12
1593707285,3785,3785,0.043341,202,0.012675,0.059390,0.086643,19
1593707290,3873,3873,0.043640,206,0.012501,0.061657,0.086643,18
1593707295,3928,3928,0.046027,209,0.019071,0.064956,0.135100,11
1593707300,4008,4008,0.046479,212,0.018695,0.068832,0.135100,16
1593707305,4111,4111,0.045912,219,0.017396,0.068832,0.135100,21
1593707310,4190,4190,0.045634,227,0.016252,0.064956,0.135100,16
1593707315,4293,4293,0.045386,230,0.015809,0.063063,0.135100,21
1593707320,4376,4376,0.044919,233,0.015441,0.063063,0.135100,17
1593707325,4440,4440,0.044919,233,0.015441,0.063063,0.135100,13
1593707330,4523,4523,0.046202,236,0.016124,0.071538,0.135100,17
1593707335,4601,4601,0.045806,240,0.015470,0.071538,0.135100,16
1593707340,4671,4671,0.046950,243,0.016415,0.076827,0.135100,14
1593707345,4730,4730,0.046679,245,0.016099,0.076827,0.135100,12
1593707350,4798,4798,0.046571,247,0.015759,0.076827,0.135100,14
1593707355,4899,4899,0.046047,257,0.014292,0.071538,0.093699,20
1593707360,4995,4995,0.045019,264,0.013893,0.071538,0.090933,19
1593707365,5067,5067,0.043874,270,0.014064,0.068832,0.090933,14
1593707370,5219,5219,0.043473,276,0.013384,0.063063,0.090933,30
1593707375,5315,5315,0.043502,278,0.013190,0.061657,0.090933,19
1593707380,5393,5393,0.043872,284,0.012923,0.063236,0.090933,16
1593707385,5446,5446,0.043811,286,0.012691,0.063236,0.090933,11
1593707390,5524,5524,0.043698,289,0.012512,0.063236,0.090933,16
1593707395,5610,5610,0.043244,294,0.012100,0.063063,0.090933,17
1593707400,5670,5670,0.043421,300,0.011495,0.058910,0.090933,12
1593707405,5741,5741,0.043414,303,0.011240,0.057606,0.090933,14
1593707410,5850,5850,0.044072,310,0.011492,0.063236,0.086643,22
1593707415,5911,5911,0.043929,311,0.011436,0.063236,0.086643,12
1593707420,5984,5984,0.043416,319,0.011018,0.058618,0.077796,15
1593707425,6114,6114,0.043192,322,0.010932,0.057606,0.077796,26
1593707430,6216,6216,0.042365,326,0.011052,0.056356,0.077796,20
1593707435,6347,6347,0.041407,335,0.010850,0.055903,0.077796,26
1593707440,6390,6390,0.041378,338,0.010678,0.055903,0.077796,9
1593707445,6460,6460,0.041692,341,0.011037,0.061599,0.077796,14
1593707450,6515,6515,0.041644,342,0.010941,0.057606,0.077796,11
1593707455,6571,6571,0.043135,347,0.014405,0.067993,0.115343,11
1593707460,6648,6648,0.042304,351,0.014386,0.064956,0.115343,15
1593707465,6719,6719,0.042623,354,0.014301,0.064067,0.115343,14
1593707470,6795,6795,0.042631,355,0.014165,0.064067,0.115343,15
1593707475,6846,6846,0.042287,358,0.013870,0.064067,0.115343,10
1593707480,6933,6933,0.041387,364,0.013463,0.064067,0.115343,17
1593707485,6985,6985,0.040897,369,0.012986,0.063236,0.115343,10
1593707490,7045,7045,0.040718,374,0.012505,0.062710,0.115343,12
1593707495,7153,7153,0.041872,379,0.018064,0.064067,0.140533,22
1593707500,7273,7273,0.041332,385,0.017315,0.064067,0.140533,24
1593707505,7382,7382,0.040989,392,0.016528,0.062710,0.140533,22
1593707510,7468,7468,0.039919,398,0.016205,0.062710,0.140533,17
1593707515,7510,7510,0.039797,400,0.015944,0.061657,0.140533,8
1593707520,7571,7571,0.039896,401,0.015827,0.057606,0.140533,12
1593707525,7641,7641,0.039791,403,0.015552,0.056356,0.140533,14
1593707530,7706,7706,0.039754,407,0.015007,0.054047,0.140533,13
1593707535,7747,7747,0.039754,407,0.015007,0.054047,0.140533,8
1593707540,7820,7820,0.039292,410,0.014684,0.054047,0.140533,15
1593707545,7907,7907,0.038949,413,0.014395,0.054047,0.135100,17
1593707550,7992,7992,0.038679,416,0.013994,0.054047,0.115343,17
1593707555,8156,8156,0.048102,427,0.078915,0.055903,0.623481,33
1593707560,8230,8230,0.047279,433,0.074909,0.062853,0.623481,15
1593707565,8289,8289,0.046692,436,0.072975,0.062853,0.623481,12
1593707570,8415,8415,0.045027,444,0.068221,0.057606,0.623481,25
1593707575,8510,8510,0.043557,454,0.063207,0.062853,0.623481,19
1593707580,8607,8607,0.042924,460,0.060410,0.062710,0.623481,20
1593707585,8665,8665,0.042501,466,0.057783,0.054047,0.140533,12
1593707590,8751,8751,0.041991,472,0.055350,0.058856,0.140533,17
1593707595,8843,8843,0.041549,476,0.053746,0.058856,0.140533,18
1593707600,8913,8913,0.041400,480,0.052130,0.058856,0.140533,14
1593707605,8973,8973,0.041438,482,0.051375,0.055903,0.140533,12
1593707610,9034,9034,0.041319,485,0.050132,0.055095,0.135100,12
1593707615,9079,9079,0.041278,487,0.049307,0.055095,0.115343,9
1593707620,9169,9169,0.043271,493,0.050186,0.058856,0.183657,18
1593707625,9246,9246,0.043697,495,0.049764,0.071238,0.183657,15
1593707630,9331,9331,0.043691,496,0.049334,0.067993,0.183657,17
1593707635,9414,9414,0.042631,502,0.046870,0.062853,0.183657,17
1593707640,9501,9501,0.042335,508,0.044548,0.058856,0.183657,17
1593707645,9585,9585,0.044716,514,0.045452,0.107033,0.183657,17
1593707650,9666,9666,0.044374,516,0.044715,0.089482,0.183657,16
1593707655,9782,9782,0.043557,522,0.042653,0.089482,0.183657,23
1593707660,9870,9870,0.042980,529,0.040300,0.071238,0.183657,18
1593707665,9927,9927,0.043115,533,0.039093,0.071238,0.183657,11
1593707670,10003,10003,0.042678,536,0.038183,0.062853,0.183657,15
1593707675,10066,10066,0.042678,536,0.038183,0.062853,0.183657,13
1593707680,10178,10178,0.041890,540,0.036931,0.058856,0.155935,22
1593707685,10286,10286,0.041536,546,0.035073,0.055707,0.155935,22
1593707690,10379,10379,0.040871,550,0.033973,0.055707,0.155935,19
1593707695,10447,10447,0.040467,554,0.032821,0.055707,0.155935,14
1593707700,10528,10528,0.039575,561,0.031023,0.055095,0.155935,16
1593707705,10582,10582,0.039205,564,0.030317,0.052535,0.155935,11
1593707710,10643,10643,0.039736,566,0.029936,0.058670,0.155935,12
1593707715,10690,10690,0.039669,570,0.028898,0.055707,0.155935,9
1593707720,10733,10733,0.040380,572,0.028911,0.058670,0.155935,9
1593707725,10790,10790,0.040559,577,0.027860,0.065281,0.155935,11
1593707730,10860,10860,0.040226,579,0.027408,0.065281,0.155935,14
1593707735,10922,10922,0.039994,580,0.027182,0.065281,0.140533,12
1593707740,10988,10988,0.039534,587,0.025442,0.058856,0.107033,13
1593707745,11090,11090,0.040920,593,0.028913,0.065281,0.159937,20
1593707750,11147,11147,0.040949,596,0.028149,0.065281,0.159937,11
1593707755,11209,11209,0.040722,601,0.026934,0.065281,0.159937,12
1593707760,11283,11283,0.040247,606,0.025795,0.058670,0.159937,15
1593707765,11362,11362,0.040177,609,0.025100,0.058670,0.159937,16
1593707770,11487,11487,0.039759,614,0.024126,0.055903,0.159937,25
1593707775,11560,11560,0.039150,619,0.023186,0.055095,0.159937,15
1593707780,11638,11638,0.041261,624,0.029323,0.065281,0.183498,16
1593707785,11696,11696,0.041660,625,0.029205,0.065281,0.183498,12
1593707790,11790,11790,0.041013,634,0.027050,0.063357,0.183498,19
1593707795,11900,11900,0.041997,639,0.026374,0.071238,0.183498,22
1593707800,12003,12003,0.043230,644,0.027689,0.073849,0.183498,21
1593707805,12080,12080,0.041816,650,0.026914,0.073849,0.183498,15
1593707810,12188,12188,0.041023,659,0.025340,0.065281,0.183498,22
1593707815,12284,12284,0.039946,666,0.024275,0.063357,0.159937,19
1593707820,12372,12372,0.039717,671,0.023460,0.063357,0.159937,18
1593707825,12380,12380,0.039446,672,0.023389,0.063357,0.159937,2
1593707830,12414,12414,0.039446,672,0.023389,0.063357,0.159937,7
1593707835,12470,12470,0.039460,673,0.023187,0.063357,0.159937,11
1593707840,12535,12535,0.039799,675,0.022905,0.062710,0.159937,13
1593707845,12621,12621,0.040351,678,0.022778,0.073849,0.159937,17
1593707850,12709,12709,0.039912,683,0.021784,0.065281,0.159937,18
1593707855,12778,12778,0.039912,683,0.021784,0.065281,0.159937,14
1593707860,12878,12878,0.039138,692,0.020138,0.058856,0.140533,20
1593707865,12942,12942,0.039159,693,0.019948,0.058670,0.128418,13
1593707870,13009,13009,0.038696,698,0.019083,0.058363,0.128418,13
1593707875,13058,13058,0.038489,700,0.018754,0.058363,0.128418,10
1593707880,13123,13123,0.038647,703,0.018553,0.061928,0.128418,13
1593707885,13209,13209,0.037835,706,0.018292,0.061928,0.128418,17
1593707890,13287,13287,0.037745,710,0.017583,0.061928,0.128418,16
1593707895,13372,13372,0.037142,716,0.016718,0.058363,0.128418,17
1593707900,13449,13449,0.037138,725,0.015467,0.055997,0.081804,15
1593707905,13495,13495,0.037123,726,0.015323,0.055201,0.081804,9
1593707910,13565,13565,0.037229,730,0.014799,0.054018,0.075597,14
1593707915,13618,13618,0.037271,731,0.014664,0.054018,0.075597,11
1593707920,13675,13675,0.037734,735,0.014393,0.057084,0.075597,11
1593707925,13765,13765,0.037874,741,0.013612,0.057084,0.075597,18
1593707930,13843,13843,0.039061,744,0.017914,0.058363,0.126540,16
1593707935,13924,13924,0.039004,747,0.017409,0.057084,0.126540,16
1593707940,14012,14012,0.039022,752,0.016592,0.057084,0.126540,18
1593707945,14110,14110,0.039159,757,0.016868,0.061928,0.126540,20
1593707950,14181,14181,0.039033,763,0.016054,0.058363,0.126540,14
1593707955,14280,14280,0.038596,769,0.015381,0.057084,0.126540,20
1593707960,14326,14326,0.038554,773,0.014877,0.057084,0.126540,9
1593707965,14400,14400,0.038648,776,0.014504,0.057084,0.126540,15
1593707970,14458,14458,0.038493,782,0.013794,0.050246,0.126540,12
1593707975,14553,14553,0.038023,787,0.013319,0.047509,0.126540,19
1593707980,14643,14643,0.038326,796,0.012602,0.048810,0.081804,18
1593707985,14707,14707,0.038449,799,0.012336,0.048810,0.078412,13
1593707990,14773,14773,0.038238,801,0.012212,0.048810,0.078412,13
1593707995,14834,14834,0.037922,806,0.011799,0.047626,0.078412,12
1593708000,14901,14901,0.038183,809,0.011681,0.049154,0.078412,13
1593708005,15005,15005,0.038000,818,0.011282,0.048810,0.078412,21
1593708010,15097,15097,0.038000,818,0.011282,0.048810,0.078412,18
1593708015,15188,15188,0.038043,826,0.010972,0.053159,0.078412,18
1593708020,15280,15280,0.037735,832,0.010581,0.048810,0.078412,18
1593708025,15359,15359,0.037419,834,0.010549,0.048810,0.078412,16
1593708030,15433,15433,0.037120,838,0.010345,0.048810,0.075597,15
1593708035,15506,15506,0.038067,844,0.012677,0.053159,0.100357,15
1593708040,15651,15651,0.037566,852,0.012027,0.048810,0.100357,29
1593708045,15722,15722,0.038025,857,0.012400,0.053765,0.100357,14
1593708050,15823,15823,0.037690,859,0.012340,0.053765,0.100357,20
1593708055,15890,15890,0.037351,867,0.011691,0.053159,0.100357,13
1593708060,16013,16013,0.036972,875,0.011171,0.048810,0.100357,25
1593708065,16100,16100,0.037099,878,0.010955,0.047626,0.100357,17
1593708070,16200,16200,0.036965,881,0.010840,0.047626,0.100357,20
1593708075,16317,16317,0.036838,883,0.010695,0.046318,0.100357,23
1593708080,16411,16411,0.036775,892,0.011175,0.048810,0.078412,19
1593708085,16509,16509,0.036888,902,0.010538,0.047143,0.078412,20
1593708090,16574,16574,0.036778,903,0.010498,0.047143,0.078412,13
1593708095,16688,16688,0.037759,905,0.011955,0.055639,0.082357,23
1593708100,16760,16760,0.037572,909,0.011669,0.055639,0.082357,14
1593708105,16821,16821,0.037455,912,0.011468,0.055639,0.082357,12
1593708110,16872,16872,0.037435,914,0.011274,0.055639,0.082357,10
1593708115,16937,16937,0.037460,915,0.011179,0.055639,0.082357,13
1593708120,17017,17017,0.037432,921,0.010821,0.053765,0.082357,16
1593708125,17089,17089,0.037333,922,0.010752,0.053765,0.082357,14
1593708130,17145,17145,0.037462,925,0.010500,0.053159,0.082357,11
1593708135,17266,17266,0.037714,929,0.010504,0.054936,0.082357,24
1593708140,17345,17345,0.038486,935,0.014022,0.055639,0.107982,16
1593708145,17441,17441,0.038402,937,0.013801,0.055639,0.107982,19
1593708150,17531,17531,0.038186,946,0.012858,0.054936,0.107982,18
1593708155,17591,17591,0.038719,948,0.013486,0.067421,0.107982,12
1593708160,17663,17663,0.038695,949,0.013362,0.067421,0.107982,14
1593708165,17783,17783,0.038446,954,0.012830,0.055639,0.107982,24
1593708170,17899,17899,0.038184,963,0.012025,0.054936,0.107982,23
1593708175,17977,17977,0.037961,966,0.011817,0.054936,0.107982,16
1593708180,18061,18061,0.037555,973,0.011458,0.050613,0.100357,17
1593708185,18168,18168,0.037066,980,0.011013,0.050613,0.100357,21
1593708190,18236,18236,0.036738,984,0.010792,0.050613,0.082357,14
1593708195,18320,18320,0.036577,991,0.010277,0.050422,0.082357,17
1593708200,18402,18402,0.036629,999,0.009900,0.047782,0.082357,16
1593708205,18468,18468,0.036705,1000,0.009844,0.047782,0.082357,13
1593708210,18556,18556,0.036644,1002,0.009754,0.047782,0.082357,18
1593708215,18651,18651,0.036629,1007,0.009522,0.047664,0.074274,19
1593708220,18776,18776,0.037119,1012,0.010465,0.050613,0.075442,25
1593708225,18884,18884,0.037262,1015,0.010383,0.050422,0.075442,22
1593708230,18974,18974,0.036887,1019,0.010212,0.050330,0.075442,18
1593708235,19022,19022,0.036691,1023,0.009927,0.050330,0.075442,10
1593708240,19080,19080,0.036603,1029,0.009755,0.050330,0.075442,12
1593708245,19140,19140,0.037195,1031,0.010866,0.050613,0.075600,12
1593708250,19250,19250,0.037195,1031,0.010866,0.050613,0.075600,22
1593708255,19324,19324,0.037116,1032,0.010776,0.050613,0.075600,15
1593708260,19405,19405,0.037546,1034,0.011130,0.061798,0.075600,16
1593708265,19552,19552,0.037330,1042,0.010658,0.061798,0.075600,29
1593708270,19614,19614,0.037293,1046,0.010348,0.054936,0.075600,12
1593708275,19697,19697,0.037415,1051,0.009923,0.050613,0.075600,17
1593708280,19799,19799,0.036982,1059,0.009372,0.050330,0.075600,20
1593708285,19945,19945,0.036467,1068,0.008985,0.049554,0.075600,29
1593708290,20086,20086,0.036086,1074,0.008767,0.049554,0.075600,28
1593708295,20173,20173,0.036029,1077,0.008573,0.048810,0.075600,17
1593708300,20250,20250,0.035861,1081,0.008375,0.047664,0.075442,15
1593708305,20336,20336,0.036002,1086,0.008224,0.046552,0.075442,17
1593708310,20458,20458,0.035725,1090,0.008109,0.046318,0.075442,24
1593708315,20545,20545,0.037754,1096,0.016906,0.050058,0.155148,17
1593708320,20645,20645,0.037816,1101,0.016278,0.050058,0.155148,20
1593708325,20703,20703,0.038029,1106,0.015860,0.050330,0.155148,12
1593708330,20758,20758,0.038004,1107,0.015734,0.050330,0.155148,11
1593708335,20819,20819,0.038106,1109,0.015490,0.050330,0.155148,12
1593708340,20862,20862,0.038169,1110,0.015354,0.050058,0.155148,9
1593708345,20933,20933,0.039010,1112,0.015642,0.058385,0.155148,14
1593708350,21014,21014,0.038843,1115,0.015204,0.058385,0.155148,16
1593708355,21057,21057,0.038671,1116,0.015103,0.058385,0.155148,9
1593708360,21119,21119,0.038499,1122,0.014326,0.058385,0.107982,12
1593708365,21188,21188,0.038571,1123,0.014193,0.058385,0.107982,14
1593708370,21260,21260,0.038805,1129,0.013386,0.057806,0.075600,14
1593708375,21343,21343,0.038680,1132,0.013016,0.057806,0.075600,17
1593708380,21429,21429,0.038253,1136,0.012669,0.050613,0.075600,17
1593708385,21525,21525,0.038143,1138,0.012426,0.050330,0.075600,19
1593708390,21631,21631,0.038183,1144,0.011832,0.050058,0.075442,21
1593708395,21727,21727,0.038208,1151,0.011637,0.056581,0.074274,19
1593708400,21854,21854,0.037440,1163,0.010863,0.050058,0.061973,25
1593708405,21978,21978,0.037234,1171,0.010285,0.046120,0.061973,25
1593708410,22029,22029,0.037412,1178,0.009846,0.046120,0.061973,10
1593708415,22108,22108,0.037599,1182,0.010193,0.050058,0.064164,16
1593708420,22233,22233,0.037443,1193,0.009546,0.046120,0.064164,25
1593708425,22333,22333,0.037189,1199,0.009250,0.046120,0.064164,20
1593708430,22457,22457,0.037133,1202,0.009101,0.044901,0.064164,25
1593708435,22518,22518,0.037174,1204,0.009009,0.044858,0.064164,12
1593708440,22585,22585,0.037367,1206,0.008940,0.045078,0.064164,13
1593708445,22695,22695,0.037050,1212,0.008679,0.045078,0.064164,22
1593708450,22801,22801,0.037593,1217,0.009740,0.046120,0.078842,21
1593708455,22862,22862,0.037545,1218,0.009673,0.046120,0.078842,12
1593708460,22954,22954,0.037965,1223,0.010211,0.056581,0.078842,18
1593708465,23078,23078,0.037706,1231,0.009918,0.050058,0.078842,25
1593708470,23154,23154,0.037770,1235,0.009653,0.049497,0.078842,15
1593708475,23258,23258,0.037406,1238,0.009585,0.049497,0.078842,21
1593708480,23353,23353,0.037327,1244,0.009383,0.049497,0.078842,19
1593708485,23409,23409,0.037240,1246,0.009255,0.049497,0.078842,11
1593708490,23488,23488,0.037222,1249,0.009083,0.047075,0.078842,16
1593708495,23591,23591,0.046036,1254,0.066929,0.050330,0.556665,21
1593708500,23696,23696,0.045672,1258,0.064770,0.049497,0.556665,21
1593708505,23812,23812,0.044303,1264,0.061767,0.049497,0.556665,23
1593708510,23936,23936,0.043322,1269,0.059388,0.047075,0.556665,25
1593708515,24006,24006,0.042825,1273,0.057551,0.047075,0.556665,14
1593708520,24078,24078,0.042170,1278,0.055309,0.047075,0.556665,14
1593708525,24161,24161,0.041657,1281,0.053992,0.046725,0.556665,16
1593708530,24228,24228,0.041372,1283,0.053107,0.046725,0.556665,14
1593708535,24269,24269,0.041276,1285,0.052190,0.046725,0.155148,8
1593708540,24370,24370,0.040719,1291,0.049572,0.047075,0.078842,20
1593708545,24491,24491,0.040532,1295,0.047845,0.047075,0.078842,24
1593708550,24546,24546,0.040234,1298,0.046588,0.046725,0.078842,11
1593708555,24598,24598,0.040219,1299,0.046163,0.046725,0.078842,10
1593708560,24640,24640,0.039585,1303,0.044520,0.046120,0.078842,8
1593708565,24691,24691,0.039230,1306,0.043285,0.045078,0.078842,10
1593708570,24750,24750,0.039214,1310,0.041647,0.044886,0.074274,12
1593708575,24794,24794,0.039235,1313,0.040451,0.047098,0.066965,9
1593708580,24850,24850,0.039256,1315,0.039660,0.047075,0.066965,11
1593708585,24923,24923,0.039170,1316,0.039238,0.047075,0.066965,15
1593708590,24993,24993,0.039115,1319,0.038003,0.046725,0.066965,14
1593708595,25079,25079,0.038852,1322,0.036815,0.046120,0.066965,17
1593708600,25170,25170,0.038802,1324,0.035979,0.045078,0.066965,18
1593708605,25248,25248,0.038928,1332,0.033379,0.047098,0.070001,16
1593708610,25335,25335,0.039195,1339,0.032125,0.055101,0.093410,17
1593708615,25384,25384,0.039017,1341,0.031502,0.055101,0.093410,10
1593708620,25415,25415,0.039162,1345,0.030344,0.053681,0.093410,6
1593708625,25502,25502,0.038847,1351,0.028684,0.053681,0.093410,17
1593708630,25596,25596,0.039426,1356,0.027888,0.064164,0.093410,19
1593708635,25655,25655,0.039780,1358,0.027420,0.055101,0.093410,12
1593708640,25724,25724,0.039713,1360,0.026893,0.055101,0.093410,14
1593708645,25791,25791,0.039934,1363,0.026309,0.062152,0.093410,13
1593708650,25872,25872,0.039522,1367,0.025352,0.062152,0.093410,16
1593708655,25986,25986,0.038954,1372,0.024298,0.062152,0.093410,23
1593708660,26107,26107,0.038665,1376,0.023396,0.055101,0.093410,24
1593708665,26198,26198,0.038117,1381,0.022536,0.053681,0.078842,18
1593708670,26247,26247,0.038677,1383,0.022721,0.062152,0.078842,10
1593708675,26306,26306,0.038677,1383,0.022721,0.062152,0.078842,12
1593708680,26405,26405,0.038682,1388,0.021581,0.062152,0.078128,20
1593708685,26493,26493,0.038033,1393,0.020612,0.062152,0.078128,18
1593708690,26574,26574,0.038031,1394,0.020404,0.055101,0.078128,16
1593708695,26627,26627,0.038200,1396,0.019976,0.053681,0.078128,11
1593708700,26722,26722,0.037423,1402,0.018978,0.051174,0.078128,19
1593708705,26770,26770,0.037512,1404,0.018589,0.051174,0.078128,10
1593708710,26822,26822,0.037590,1407,0.018020,0.051174,0.078128,10
1593708715,26877,26877,0.037681,1409,0.017641,0.049497,0.078128,11
1593708720,26960,26960,0.037488,1414,0.016791,0.046336,0.078128,17
1593708725,27032,27032,0.037592,1417,0.016260,0.046336,0.078128,14
1593708730,27116,27116,0.038361,1423,0.016420,0.053681,0.079105,17
1593708735,27227,27227,0.038750,1431,0.015995,0.070001,0.079105,22
1593708740,27277,27277,0.038537,1435,0.015462,0.062152,0.079105,10
1593708745,27375,27375,0.038601,1438,0.015027,0.055101,0.079105,20
1593708750,27431,27431,0.038481,1442,0.014485,0.051174,0.079105,11
1593708755,27541,27541,0.038684,1446,0.014179,0.056581,0.079105,22
1593708760,27625,27625,0.038328,1449,0.013849,0.056581,0.079105,17
1593708765,27743,27743,0.038207,1458,0.013018,0.053681,0.079105,24
1593708770,27816,27816,0.038065,1459,0.012944,0.053681,0.079105,15
1593708775,27889,27889,0.038570,1466,0.012480,0.055269,0.079105,15
1593708780,27959,27959,0.038516,1476,0.011680,0.055269,0.078128,14
1593708785,28040,28040,0.038228,1484,0.011060,0.049187,0.075293,16
1593708790,28112,28112,0.038282,1489,0.010853,0.052984,0.075293,14
1593708795,28203,28203,0.038182,1492,0.010620,0.052984,0.075293,18
1593708800,28253,28253,0.038332,1494,0.010487,0.052984,0.075293,10
1593708805,28342,28342,0.038702,1499,0.011663,0.055269,0.083443,18
1593708810,28450,28450,0.037911,1506,0.011444,0.052984,0.083443,22
1593708815,28552,28552,0.037629,1513,0.011758,0.055269,0.083443,20
1593708820,28645,28645,0.037637,1514,0.011665,0.055269,0.083443,19
1593708825,28710,28710,0.037512,1517,0.011531,0.055269,0.083443,13
1593708830,28838,28838,0.036813,1525,0.011127,0.052984,0.083443,26
1593708835,28895,28895,0.036843,1530,0.010798,0.052984,0.083443,11
1593708840,28998,28998,0.036136,1538,0.010517,0.049187,0.079105,21
1593708845,29144,29144,0.035777,1544,0.010544,0.047066,0.079105,29
1593708850,29318,29318,0.035507,1558,0.010994,0.049187,0.075891,35
1593708855,29429,29429,0.035733,1566,0.011151,0.052984,0.075891,22
1593708860,29488,29488,0.035621,1574,0.010823,0.049187,0.075891,12
1593708865,29550,29550,0.035514,1576,0.010706,0.049187,0.075891,12
1593708870,29663,29663,0.035604,1580,0.010453,0.047066,0.075891,23
1593708875,29736,29736,0.035079,1583,0.010584,0.046985,0.075891,14
1593708880,29810,29810,0.035013,1585,0.010440,0.046985,0.075891,15
1593708885,29892,29892,0.035186,1586,0.010462,0.046985,0.075891,16
1593708890,29951,29951,0.035269,1587,0.010401,0.046965,0.075891,12
1593708895,30067,30067,0.035329,1593,0.009968,0.046965,0.075891,23
1593708900,30132,30132,0.035250,1594,0.009902,0.046965,0.075891,13
1593708905,30260,30260,0.035098,1603,0.009797,0.047066,0.075891,26
1593708910,30348,30348,0.035387,1607,0.009917,0.052781,0.075891,18
1593708915,30407,30407,0.035420,1610,0.009815,0.052781,0.075891,12
1593708920,30478,30478,0.035534,1614,0.009523,0.052781,0.075293,14
1593708925,30558,30558,0.035820,1617,0.009423,0.049187,0.073759,16
1593708930,30684,30684,0.035546,1621,0.009207,0.047368,0.068370,25
1593708935,30754,30754,0.037747,1630,0.014534,0.058107,0.115997,14
1593708940,30799,30799,0.037695,1632,0.014316,0.058107,0.115997,9
1593708945,30902,30902,0.037614,1634,0.014114,0.058107,0.115997,21
1593708950,31012,31012,0.037381,1638,0.013676,0.055269,0.115997,22
1593708955,31037,31037,0.037381,1638,0.013676,0.055269,0.115997,5
1593708960,31037,31037,0.037381,1638,0.013676,0.055269,0.115997,0
1593708965,31093,31093,0.037491,1641,0.013285,0.052781,0.115997,11
1593708970,31105,31105,0.037362,1642,0.013180,0.052781,0.115997,2
1593708975,31105,31105,0.037362,1642,0.013180,0.052781,0.115997,0
1593708980,31105,31105,0.037362,1642,0.013180,0.052781,0.115997,0
1593708985,31105,31105,0.037362,1642,0.013180,0.052781,0.115997,0
1593708990,31105,31105,0.037362,1642,0.013180,0.052781,0.115997,0
1593708995,31105,31105,0.037362,1642,0.013180,0.052781,0.115997,0
1593709000,31105,31105,0.037362,1642,0.013180,0.052781,0.115997,0
1593709005,31105,31105,0.037362,1642,0.013180,0.052781,0.115997,0
1593709010,31169,31169,0.037660,1645,0.012526,0.052781,0.115997,13
1593709015,31244,31244,0.038351,1652,0.011342,0.046985,0.090217,15
1593709020,31325,31325,0.038409,1656,0.010756,0.045733,0.090217,16
1593709025,31433,31433,0.040608,1657,0.016728,0.066815,0.116702,22
1593709030,31471,31471,0.039601,1660,0.016556,0.058107,0.116702,8
1593709035,31513,31513,0.039601,1660,0.016556,0.058107,0.116702,8
1593709040,31586,31586,0.039561,1665,0.015353,0.047368,0.116702,15
1593709045,31675,31675,0.039780,1670,0.014353,0.046965,0.116702,18
1593709050,31724,31724,0.039448,1672,0.014202,0.045733,0.116702,10
1593709055,31818,31818,0.040354,1681,0.017383,0.058107,0.116702,19
1593709060,31881,31881,0.040287,1682,0.017177,0.058107,0.116702,13
1593709065,31938,31938,0.048888,1685,0.053925,0.115184,0.373752,11
1593709070,32011,32011,0.047622,1689,0.051466,0.115184,0.373752,15
1593709075,32062,32062,0.049050,1692,0.050917,0.116702,0.373752,10
1593709080,32139,32139,0.048306,1694,0.049769,0.116702,0.373752,15
1593709085,32235,32235,0.046813,1698,0.047599,0.115184,0.373752,19
1593709090,32327,32327,0.045675,1705,0.043916,0.115184,0.373752,18
1593709095,32434,32434,0.045374,1708,0.042490,0.115184,0.373752,21
1593709100,32525,32525,0.044471,1712,0.040784,0.075891,0.373752,18
1593709105,32590,32590,0.044118,1715,0.039490,0.069857,0.373752,13
1593709110,32686,32686,0.043737,1720,0.037375,0.069857,0.373752,19
1593709115,32757,32757,0.042995,1725,0.035601,0.052781,0.122254,14
1593709120,32812,32812,0.042900,1726,0.035222,0.052397,0.122254,11
1593709125,32899,32899,0.042877,1730,0.033709,0.052528,0.122254,17
1593709130,32969,32969,0.042821,1734,0.032262,0.052528,0.122254,14
1593709135,33028,33028,0.042373,1736,0.031756,0.052528,0.122254,12
1593709140,33087,33087,0.041814,1739,0.030779,0.052528,0.122254,12
1593709145,33195,33195,0.041279,1747,0.028311,0.052397,0.122254,22
1593709150,33288,33288,0.041293,1749,0.027743,0.052397,0.122254,18
1593709155,33393,33393,0.041079,1753,0.026640,0.052397,0.122254,21
1593709160,33479,33479,0.040867,1757,0.025602,0.050842,0.122254,17
1593709165,33557,33557,0.040756,1762,0.024446,0.050842,0.116702,16
1593709170,33623,33623,0.040289,1766,0.023626,0.049965,0.116702,13
1593709175,33705,33705,0.040278,1769,0.022928,0.049965,0.116702,16
1593709180,33763,33763,0.039974,1774,0.021874,0.049965,0.115184,12
1593709185,33871,33871,0.039469,1778,0.021180,0.049965,0.115184,22
1593709190,33912,33912,0.039181,1781,0.020624,0.047059,0.115184,8
1593709195,34005,34005,0.054408,1785,0.109629,0.050842,0.810601,19
1593709200,34072,34072,0.053990,1786,0.108508,0.050842,0.810601,13
1593709205,34126,34126,0.051925,1791,0.103264,0.049965,0.810601,11
1593709210,34193,34193,0.050838,1794,0.100178,0.049965,0.810601,13
1593709215,34290,34290,0.050169,1797,0.097086,0.049965,0.810601,19
1593709220,34349,34349,0.049385,1802,0.092249,0.048999,0.810601,12
1593709225,34417,34417,0.049013,1804,0.090326,0.048999,0.810601,14
1593709230,34507,34507,0.048421,1808,0.086623,0.048999,0.810601,18
1593709235,34507,34507,0.048421,1808,0.086623,0.048999,0.810601,0
1593709240,34507,34507,0.048421,1808,0.086623,0.048999,0.810601,0
1593709245,34507,34507,0.048421,1808,0.086623,0.048999,0.810601,0
1593709250,34507,34507,0.048421,1808,0.086623,0.048999,0.810601,0
1593709255,34507,34507,0.048421,1808,0.086623,0.048999,0.810601,0
1593709260,34507,34507,0.048421,1808,0.086623,0.048999,0.810601,0
1593709265,34507,34507,0.048421,1808,0.086623,0.048999,0.810601,0
1593709270,34575,34575,0.047688,1810,0.083645,0.048999,0.810601,14
1593709275,34687,34687,0.046422,1814,0.078123,0.046280,0.373752,22
1593709280,34748,34748,0.045515,1816,0.075644,0.046280,0.373752,12
1593709285,34804,34804,0.044618,1820,0.070943,0.045690,0.122254,11
1593709290,34868,34868,0.043689,1827,0.064052,0.048999,0.115184,13
1593709295,34985,34985,0.042520,1837,0.056576,0.048783,0.062404,23
1593709300,35051,35051,0.042364,1839,0.055261,0.048783,0.062404,13
1593709305,35118,35118,0.042355,1843,0.052686,0.048783,0.062404,14
1593709310,35150,35150,0.042080,1844,0.052104,0.048783,0.062404,6
1593709315,35194,35194,0.043188,1848,0.050096,0.049965,0.085986,9
1593709320,35274,35274,0.043567,1852,0.047903,0.062404,0.085986,16
1593709325,35326,35326,0.043296,1854,0.046785,0.062404,0.085986,10
1593709330,35435,35435,0.042959,1859,0.044130,0.062404,0.085986,22
1593709335,35505,35505,0.042051,1867,0.040439,0.048999,0.085986,14
1593709340,35579,35579,0.041833,1869,0.039601,0.048999,0.085986,15
1593709345,35656,35656,0.041254,1874,0.037650,0.048783,0.085986,15
1593709350,35726,35726,0.041202,1875,0.037252,0.048783,0.085986,14
1593709355,35797,35797,0.041059,1881,0.034903,0.048423,0.085986,14
1593709360,35856,35856,0.041045,1884,0.033865,0.048423,0.085986,12
1593709365,35945,35945,0.041452,1891,0.033486,0.048999,0.118302,18
1593709370,36033,36033,0.041298,1894,0.032520,0.048783,0.118302,18
1593709375,36110,36110,0.041235,1900,0.030853,0.060913,0.118302,15
1593709380,36171,36171,0.040565,1905,0.029504,0.060913,0.118302,12
1593709385,36234,36234,0.040229,1909,0.028467,0.049965,0.118302,13
1593709390,36309,36309,0.039921,1913,0.027590,0.052668,0.118302,15
1593709395,36371,36371,0.039994,1920,0.025892,0.052668,0.118302,12
1593709400,36441,36441,0.039336,1925,0.024902,0.052668,0.118302,14
1593709405,36524,36524,0.039182,1927,0.024484,0.052528,0.118302,17
1593709410,36615,36615,0.041102,1932,0.027072,0.057389,0.141220,18
1593709415,36738,36738,0.041059,1933,0.026818,0.057389,0.141220,25
1593709420,36810,36810,0.040857,1935,0.026320,0.057389,0.141220,14
1593709425,36909,36909,0.040157,1942,0.024716,0.057389,0.141220,20
1593709430,37008,37008,0.039859,1948,0.023573,0.054356,0.141220,20
1593709435,37074,37074,0.039519,1951,0.022987,0.054356,0.141220,13
1593709440,37164,37164,0.039296,1955,0.022192,0.054356,0.141220,18
1593709445,37231,37231,0.039322,1958,0.021610,0.054356,0.141220,13
1593709450,37318,37318,0.039287,1959,0.021403,0.054356,0.141220,17
1593709455,37401,37401,0.039170,1964,0.020502,0.052668,0.122254,17
1593709460,37459,37459,0.039094,1965,0.020305,0.052668,0.118302,11
1593709465,37514,37514,0.039142,1966,0.020091,0.052668,0.118302,11
1593709470,37579,37579,0.039014,1968,0.019686,0.052668,0.118302,13
1593709475,37633,37633,0.038876,1971,0.019052,0.051541,0.118302,11
1593709480,37728,37728,0.038432,1974,0.018515,0.051541,0.118302,19
1593709485,37785,37785,0.038092,1978,0.017767,0.051541,0.118302,11
1593709490,37881,37881,0.038518,1986,0.016588,0.054356,0.085986,19
1593709495,38015,38015,0.038010,1991,0.015934,0.051541,0.062975,27
1593709500,38097,38097,0.037744,1996,0.015232,0.051541,0.062975,16
1593709505,38205,38205,0.039606,2002,0.019537,0.054356,0.137989,22
1593709510,38280,38280,0.038799,2008,0.018671,0.052668,0.137989,15
1593709515,38384,38384,0.038676,2012,0.018038,0.051541,0.137989,21
1593709520,38461,38461,0.038668,2015,0.017618,0.051541,0.137989,15
1593709525,38563,38563,0.038250,2018,0.017265,0.048999,0.137989,20
1593709530,38684,38684,0.038123,2025,0.016268,0.047391,0.137989,24
1593709535,38808,38808,0.037907,2030,0.015653,0.047391,0.137989,25
1593709540,38890,38890,0.037871,2033,0.015269,0.047066,0.137989,16
1593709545,38963,38963,0.038050,2036,0.014895,0.047066,0.137989,14
1593709550,39030,39030,0.037490,2041,0.014420,0.047066,0.137989,14
1593709555,39107,39107,0.037404,2044,0.014075,0.047066,0.137989,15
1593709560,39166,39166,0.037534,2048,0.013612,0.046297,0.118302,12
1593709565,39244,39244,0.037438,2050,0.013375,0.045466,0.118302,16
1593709570,39321,39321,0.037131,2054,0.012940,0.045204,0.062975,15
1593709575,39400,39400,0.037055,2057,0.012586,0.045204,0.062404,16
1593709580,39496,39496,0.036836,2063,0.011998,0.044723,0.057389,19
1593709585,39560,39560,0.036896,2066,0.011669,0.044723,0.057389,13
1593709590,39639,39639,0.036951,2067,0.011558,0.044723,0.057389,16
1593709595,39696,39696,0.037223,2071,0.011202,0.044717,0.056065,11
1593709600,39750,39750,0.038015,2074,0.011795,0.046283,0.070008,11
1593709605,39831,39831,0.037946,2078,0.011550,0.048858,0.070008,16
1593709610,39880,39880,0.037894,2083,0.011025,0.047391,0.070008,10
1593709615,39968,39968,0.037360,2086,0.011259,0.047066,0.070008,18
1593709620,40075,40075,0.037333,2088,0.011041,0.047066,0.070008,21
1593709625,40139,40139,0.037319,2089,0.010926,0.047066,0.070008,13
1593709630,40240,40240,0.037079,2093,0.010522,0.045204,0.070008,20
1593709635,40324,40324,0.037164,2094,0.010421,0.045204,0.070008,17
1593709640,40455,40455,0.036497,2100,0.010076,0.044723,0.070008,26
1593709645,40547,40547,0.036123,2107,0.009592,0.044238,0.070008,18
1593709650,40641,40641,0.035950,2110,0.009478,0.044238,0.070008,19
1593709655,40741,40741,0.035930,2114,0.009164,0.044238,0.070008,20
1593709660,40821,40821,0.035839,2122,0.008707,0.044655,0.062404,16
1593709665,40874,40874,0.036041,2126,0.008457,0.044655,0.056065,11
1593709670,40941,40941,0.036277,2130,0.008261,0.044238,0.056065,13
1593709675,40989,40989,0.036202,2133,0.008047,0.043690,0.054356,10
1593709680,41070,41070,0.036002,2139,0.007885,0.042934,0.051541,16
1593709685,41168,41168,0.036274,2145,0.007725,0.044655,0.048858,20
1593709690,41256,41256,0.036425,2149,0.007584,0.044238,0.048858,18
1593709695,41352,41352,0.036394,2154,0.007314,0.043484,0.048858,19
1593709700,41399,41399,0.036506,2157,0.007307,0.044655,0.048858,9
1593709705,41488,41488,0.036443,2158,0.007254,0.044655,0.048858,18
1593709710,41580,41580,0.039942,2163,0.023388,0.047863,0.205539,18
1593709715,41679,41679,0.041014,2168,0.023451,0.058235,0.205539,20
1593709720,41774,41774,0.041672,2174,0.023235,0.070008,0.205539,19
1593709725,41841,41841,0.044360,2178,0.031161,0.092399,0.210012,13
1593709730,41925,41925,0.045541,2180,0.032079,0.093941,0.210012,17
1593709735,42001,42001,0.045514,2183,0.031249,0.093941,0.210012,15
1593709740,42044,42044,0.045514,2183,0.031249,0.093941,0.210012,9
1593709745,42119,42119,0.045909,2188,0.030140,0.093941,0.210012,15
1593709750,42173,42173,0.045446,2192,0.029075,0.092399,0.210012,11
1593709755,42225,42225,0.045155,2194,0.028539,0.092399,0.210012,10
1593709760,42288,42288,0.044607,2197,0.027779,0.092399,0.210012,13
1593709765,42341,42341,0.044184,2200,0.026983,0.092399,0.210012,11
1593709770,42404,42404,0.043446,2204,0.026045,0.079910,0.205539,13
1593709775,42478,42478,0.043043,2206,0.025566,0.079910,0.205539,15
1593709780,42558,42558,0.044762,2209,0.027698,0.093941,0.205539,16
1593709785,42650,42650,0.044420,2212,0.026878,0.093941,0.205539,18
1593709790,42763,42763,0.042793,2220,0.025027,0.092399,0.205539,23
1593709795,42831,42831,0.042793,2220,0.025027,0.092399,0.205539,14
1593709800,42932,42932,0.041547,2226,0.023864,0.079910,0.205539,20
1593709805,42996,42996,0.041085,2229,0.023229,0.079910,0.205539,13
1593709810,43067,43067,0.040966,2233,0.022374,0.058235,0.128635,14
1593709815,43166,43166,0.040460,2239,0.021165,0.054656,0.128635,20
1593709820,43239,43239,0.042798,2240,0.026403,0.093941,0.153317,15
1593709825,43302,43302,0.042678,2242,0.025871,0.092399,0.153317,12
1593709830,43393,43393,0.042013,2245,0.025172,0.079910,0.153317,18
1593709835,43439,43439,0.041578,2249,0.024182,0.079910,0.153317,9
1593709840,43536,43536,0.041418,2256,0.022628,0.054656,0.153317,19
1593709845,43603,43603,0.041305,2257,0.022409,0.054656,0.153317,13
1593709850,43669,43669,0.041305,2257,0.022409,0.054656,0.153317,13
1593709855,43742,43742,0.040935,2261,0.021463,0.053660,0.153317,15
1593709860,43861,43861,0.039781,2271,0.019615,0.053660,0.153317,24
1593709865,43922,43922,0.039311,2274,0.019202,0.051855,0.153317,12
1593709870,44015,44015,0.038721,2280,0.018298,0.051274,0.153317,19
1593709875,44113,44113,0.039329,2285,0.018844,0.053660,0.153317,20
1593709880,44191,44191,0.038892,2291,0.017953,0.053660,0.153317,16
1593709885,44277,44277,0.039009,2296,0.017206,0.051274,0.128635,17
1593709890,44355,44355,0.038383,2303,0.016370,0.047921,0.128635,16
1593709895,44430,44430,0.038296,2307,0.015832,0.047366,0.128635,15
1593709900,44548,44548,0.038641,2311,0.016657,0.053660,0.128635,24
1593709905,44625,44625,0.038410,2315,0.016130,0.051855,0.115728,15
1593709910,44758,44758,0.037935,2322,0.015333,0.047863,0.093941,27
1593709915,44838,44838,0.037899,2324,0.015077,0.047366,0.093941,16
1593709920,44912,44912,0.037692,2329,0.014516,0.047366,0.092399,15
1593709925,45003,45003,0.037469,2332,0.014259,0.047366,0.090720,18
1593709930,45052,45052,0.037517,2335,0.014029,0.047066,0.090720,10
1593709935,45153,45153,0.037402,2338,0.013846,0.045978,0.090720,20
1593709940,45239,45239,0.037335,2340,0.013605,0.045978,0.090720,17
1593709945,45319,45319,0.037474,2342,0.013371,0.045978,0.090720,16
1593709950,45411,45411,0.037721,2345,0.013046,0.046687,0.090720,18
1593709955,45479,45479,0.037646,2350,0.012550,0.046687,0.090720,14
1593709960,45548,45548,0.037538,2352,0.012315,0.046687,0.090720,14
1593709965,45630,45630,0.037383,2356,0.011934,0.046687,0.090720,16
1593709970,45722,45722,0.037039,2360,0.011562,0.045978,0.090720,18
1593709975,45825,45825,0.036775,2367,0.010892,0.045629,0.085681,21
1593709980,45900,45900,0.037062,2371,0.011259,0.046687,0.085681,15
1593709985,46001,46001,0.037023,2374,0.010948,0.046687,0.085681,20
1593709990,46071,46071,0.036933,2378,0.010594,0.045978,0.085681,14
1593709995,46133,46133,0.037090,2380,0.010442,0.045978,0.085681,12
1593710000,46256,46256,0.037819,2387,0.010699,0.046792,0.079910,25
1593710005,46316,46316,0.039384,2391,0.014964,0.066052,0.117797,12
1593710010,46402,46402,0.039142,2395,0.014458,0.066052,0.117797,17
1593710015,46494,46494,0.039127,2399,0.013941,0.053660,0.117797,18
1593710020,46594,46594,0.038962,2402,0.013702,0.047863,0.117797,20
1593710025,46678,46678,0.039080,2404,0.013559,0.050863,0.117797,17
1593710030,46755,46755,0.038969,2407,0.013246,0.050863,0.117797,16
1593710035,46819,46819,0.038727,2409,0.013036,0.050863,0.117797,13
1593710040,46889,46889,0.038736,2413,0.012540,0.050863,0.117797,14
1593710045,46960,46960,0.038558,2416,0.012196,0.050863,0.117797,14
1593710050,47063,47063,0.038189,2422,0.011798,0.047724,0.117797,21
1593710055,47171,47171,0.038435,2429,0.011428,0.050863,0.115728,22
1593710060,47323,47323,0.038033,2436,0.010829,0.050863,0.090720,30
1593710065,47400,47400,0.037213,2442,0.010642,0.047724,0.085681,15
1593710070,47489,47489,0.037035,2444,0.010528,0.047724,0.085681,18
1593710075,47533,47533,0.036431,2448,0.010682,0.047366,0.066170,9
1593710080,47533,47533,0.036431,2448,0.010682,0.047366,0.066170,0
1593710085,47533,47533,0.036431,2448,0.010682,0.047366,0.066170,0
1593710090,47533,47533,0.036431,2448,0.010682,0.047366,0.066170,0
1593710095,47533,47533,0.036431,2448,0.010682,0.047366,0.066170,0
1593710100,47533,47533,0.036431,2448,0.010682,0.047366,0.066170,0
1593710105,47626,47626,0.036515,2453,0.010099,0.046614,0.066170,19
1593710110,47690,47690,0.036404,2457,0.009741,0.046614,0.066170,13
1593710115,47779,47779,0.036731,2460,0.009479,0.046401,0.066170,18
1593710120,47842,47842,0.036392,2462,0.009364,0.046401,0.066052,13
1593710125,47938,47938,0.036238,2467,0.008864,0.045370,0.066052,19
1593710130,48017,48017,0.036039,2471,0.008614,0.044590,0.066052,16
1593710135,48155,48155,0.038141,2477,0.016770,0.046614,0.138818,28
1593710140,48279,48279,0.040175,2483,0.019154,0.067519,0.138818,25
1593710145,48333,48333,0.039938,2486,0.018595,0.067519,0.138818,11
1593710150,48418,48418,0.039856,2492,0.017552,0.067519,0.138818,17
1593710155,48475,48475,0.039856,2492,0.017552,0.067519,0.138818,11
1593710160,48612,48612,0.038389,2505,0.015880,0.047724,0.138818,28
1593710165,48731,48731,0.037476,2513,0.015105,0.046401,0.138818,24
1593710170,48801,48801,0.036967,2517,0.014737,0.044834,0.117797,14
1593710175,48901,48901,0.036767,2521,0.014261,0.044654,0.117797,20
1593710180,48945,48945,0.036745,2522,0.014132,0.044654,0.117797,9
1593710185,49030,49030,0.036768,2524,0.013942,0.044654,0.109708,17
1593710190,49111,49111,0.037834,2530,0.014977,0.047724,0.109708,16
1593710195,49176,49176,0.037474,2531,0.015055,0.046614,0.109708,13
1593710200,49209,49209,0.037474,2531,0.015055,0.046614,0.109708,7
1593710205,49209,49209,0.037474,2531,0.015055,0.046614,0.109708,0
1593710210,49232,49232,0.037472,2532,0.014878,0.046614,0.109708,5
1593710215,49317,49317,0.037361,2537,0.014126,0.044654,0.109708,17
1593710220,49369,49369,0.037274,2540,0.013665,0.044654,0.109708,10
1593710225,49445,49445,0.037186,2544,0.013162,0.044736,0.109708,15
1593710230,49516,49516,0.037186,2544,0.013162,0.044736,0.109708,14
1593710235,49590,49590,0.037871,2547,0.013483,0.066950,0.109708,15
1593710240,49668,49668,0.038228,2551,0.013919,0.067519,0.109708,16
1593710245,49716,49716,0.037942,2555,0.013367,0.066950,0.091168,10
1593710250,49762,49762,0.037654,2560,0.012704,0.066950,0.091168,9
1593710255,49784,49784,0.037756,2561,0.012581,0.066950,0.091168,4
1593710260,49784,49784,0.037756,2561,0.012581,0.066950,0.091168,0
1593710265,49813,49813,0.037460,2563,0.012541,0.066950,0.091168,6
1593710270,49869,49869,0.037829,2565,0.012312,0.066950,0.091168,11
1593710275,49926,49926,0.037700,2566,0.012176,0.066170,0.091168,11
1593710280,50000,50000,0.039009,2568,0.013984,0.069158,0.091168,15
1593710285,50095,50095,0.038516,2575,0.013411,0.066950,0.091168,19
1593710290,50160,50160,0.038573,2577,0.013095,0.066950,0.091168,13
1593710295,50223,50223,0.037958,2581,0.012688,0.066950,0.083625,13
1593710300,50299,50299,0.038810,2583,0.013977,0.078666,0.083625,15
1593710305,50398,50398,0.041691,2587,0.021782,0.078666,0.151008,20
1593710310,50468,50468,0.041147,2591,0.020880,0.078666,0.151008,14
1593710315,50595,50595,0.040204,2598,0.019428,0.078666,0.151008,25
1593710320,50652,50652,0.040000,2601,0.018800,0.078666,0.151008,11
1593710325,50701,50701,0.040000,2601,0.018800,0.078666,0.151008,10
1593710330,50775,50775,0.040064,2602,0.018581,0.078666,0.151008,15
1593710335,50833,50833,0.039705,2606,0.017697,0.069158,0.151008,12
1593710340,50958,50958,0.040063,2613,0.016986,0.064235,0.151008,25
1593710345,51054,51054,0.040256,2616,0.016611,0.064235,0.151008,19
1593710350,51124,51124,0.039909,2619,0.016167,0.064235,0.151008,14
1593710355,51239,51239,0.039088,2626,0.015212,0.064235,0.138818,23
1593710360,51294,51294,0.038960,2633,0.014305,0.055615,0.091168,11
1593710365,51363,51363,0.039096,2640,0.013601,0.055615,0.083625,14
1593710370,51420,51420,0.039036,2641,0.013479,0.055615,0.083625,11
1593710375,51473,51473,0.038879,2644,0.013205,0.054085,0.083625,11
1593710380,51545,51545,0.038818,2646,0.012958,0.054085,0.083625,14
1593710385,51633,51633,0.038850,2648,0.012685,0.054085,0.083625,18
1593710390,51718,51718,0.039119,2652,0.012198,0.054085,0.083625,17
1593710395,51770,51770,0.039186,2653,0.012078,0.054085,0.083625,10
1593710400,51844,51844,0.039152,2659,0.011446,0.053824,0.078666,15
1593710405,51959,51959,0.038546,2664,0.011125,0.053824,0.078666,23
1593710410,52018,52018,0.038333,2668,0.010816,0.052325,0.078666,12
1593710415,52099,52099,0.038107,2671,0.010568,0.048769,0.078666,16
1593710420,52276,52276,0.037144,2679,0.010140,0.048062,0.069158,35
1593710425,52392,52392,0.036630,2684,0.009871,0.048062,0.069158,23
1593710430,52494,52494,0.037084,2689,0.009705,0.052325,0.066950,20
1593710435,52630,52630,0.036787,2702,0.011039,0.053789,0.085822,27
1593710440,52728,52728,0.037604,2707,0.013202,0.053824,0.099086,20
1593710445,52837,52837,0.037769,2714,0.013555,0.064235,0.099086,22
1593710450,52914,52914,0.037428,2719,0.013175,0.055615,0.099086,15
1593710455,52971,52971,0.037109,2724,0.012833,0.054085,0.099086,11
1593710460,53053,53053,0.036183,2730,0.012797,0.053789,0.099086,16
1593710465,53193,53193,0.035879,2739,0.012189,0.053789,0.099086,28
1593710470,53263,53263,0.035876,2741,0.012023,0.052325,0.099086,14
1593710475,53326,53326,0.035951,2744,0.011801,0.048769,0.099086,13
1593710480,53393,53393,0.035684,2747,0.011662,0.048062,0.091168,13
1593710485,53498,53498,0.035003,2752,0.011616,0.044892,0.085822,21
1593710490,53621,53621,0.035425,2760,0.012419,0.053789,0.085822,25
1593710495,53709,53709,0.035189,2761,0.012475,0.053789,0.085822,18
1593710500,53767,53767,0.035155,2766,0.012046,0.048062,0.085822,12
1593710505,53902,53902,0.036230,2773,0.015370,0.058053,0.117331,27
1593710510,53973,53973,0.036229,2777,0.014976,0.058053,0.117331,14
1593710515,54044,54044,0.036333,2780,0.014652,0.058053,0.117331,14
1593710520,54100,54100,0.037112,2782,0.016118,0.074132,0.117331,11
1593710525,54206,54206,0.037532,2787,0.016378,0.079279,0.117331,21
1593710530,54254,54254,0.037552,2788,0.016238,0.079279,0.117331,10
1593710535,54399,54399,0.040283,2793,0.021323,0.093405,0.132871,29
1593710540,54464,54464,0.041647,2797,0.022395,0.095943,0.132871,13
1593710545,54536,54536,0.041512,2800,0.021838,0.095943,0.132871,14
