app,operator_id,operator,ratio,throughput_avg,throughput_5th,throughput_stddev,process_time_99th,process_time_95th,process_time_avg,process_time_stddev
ads-analytics,0,source,1.26580790391,73240.63636363637,37611.0,19041.260802758774,0.044517,0.024179,0.013138,0.028629
ads-analytics,1,sink,0.0,1572.6153846153845,1295.0,325.6726857211886,0.046774,0.029352,0.034542,0.523136
ads-analytics,2,ctrOperator,0.0200522606263,92578.63636363637,47013.0,24183.22950939622,0.008211,0.004948,0.002608,0.00175
bargain-index,0,source,1.99888790092,22629.114285714284,18241.800000000003,2507.947593111929,0.069534,0.058861,0.037826,0.026561
bargain-index,1,bargainIndexOperator,1.2899765199e-05,7299.572307692308,4378.8,6648.075677054866,0.001436,0.000852,0.000516,0.000352
bargain-index,2,sink,0.0,31.0,31.0,0.0,0.308304,0.308304,0.253818,0.034167
bargain-index,3,vwapOperator,1.99945249226,2433.4984615384615,1789.8,276.7670236539182,0.75438,0.460592,0.394295,0.067456
reinforcement-learner,0,reinforcementLearner,1.0,66995.33333333333,27575.300000000003,34901.862264864256,0.023841,0.010675,0.005572,0.019996
reinforcement-learner,1,eventSource,1.0,67260.0,29355.800000000003,33490.07888912775,0.051238,0.015889,0.009302,0.057753
reinforcement-learner,2,sink,0.0,67124.0,53471.600000000006,11515.377660618286,0.030389,0.018481,0.008692,0.015077
smart-grid,0,plugMedianCalculator,1.0,2349.5555555555557,46.2,2138.4202949899,0.213523,0.089226,0.036487,0.214796
smart-grid,1,plugLoadPredictor,0.306466551593,6885.833333333333,1809.0,3661.351590904952,0.029036,0.00869,0.002901,0.005334
smart-grid,2,globalMedianCalculator,7.82717595492e-06,2333.4444444444443,46.400000000000006,2124.5190886468145,0.013938,0.005072,0.175286,6.066514
smart-grid,3,slidingWindow,0.5,4710.888888888889,71.4,4299.505538610598,0.149823,0.055015,0.018893,0.151976
smart-grid,4,source,1.0,5035.555555555556,70.2,4271.75990563117,0.176905,0.091689,0.039618,0.115669
smart-grid,5,predictionSink,0.0,1687.142857142857,54.6,3836.436048081658,0.239033,0.075427,0.033796,0.158098
smart-grid,6,outlierSink,0.0,1109.5555555555557,23.2,1006.4162062719944,0.098073,0.042014,0.020917,0.045994
smart-grid,7,outlierDetector,0.471607141459,2350.222222222222,51.0,2137.717410790084,0.053461,0.020469,0.00778,0.013609
smart-grid,8,houseLoadPredictor,0.0305314857181,4670.111111111111,73.0,4299.631597770117,0.003193,0.001012,0.0005,0.001202
traffic-monitoring,0,source,0.99999976347,50364.0,11136.400000000001,16653.67777434656,0.034813,0.026783,0.015243,0.007921
traffic-monitoring,1,mapMatcherBolt,0.150739795848,102.30196629213484,20.0,118.95465851596796,106.595317,77.253629,9.331042,24.391747
traffic-monitoring,2,sink,0.0,15.900874635568513,9.0,4.856731596517384,0.169609,0.123944,0.05025,0.02721
traffic-monitoring,3,speedCalculatorBolt,1.0,15.918248175182482,9.0,4.832285264004563,0.132871,0.095943,0.041512,0.021838
voipstream,0,GlobalACDModule,1.0,3.0384615384615383,2.0,0.8694349658044088,0.498229,0.042279,0.043813,0.54038
voipstream,1,ECR24Filter,0.952504749525,3.0384615384615383,2.0,0.8694349658044089,0.418324,0.234964,0.107615,0.087465
voipstream,2,VariationDetector,2.0,3.0384615384615383,2.0,0.8694349658044089,347.152482,344.088015,277.343848,21.184818
voipstream,3,ENCRFilter,0.342465753425,3.039940828402367,2.0,0.8702186333741098,0.016844,0.002709,0.002168,0.00208
voipstream,4,ECRFilter,0.952504749525,3.039940828402367,2.0,0.8702186333741098,0.324969,0.263821,0.143276,0.062281
voipstream,5,FoFiRModule,0.5,5.594674556213017,4.0,1.2349333573294234,0.138089,0.124281,0.040215,0.034906
voipstream,6,source,1.0,2131.0,2131.0,0.0,0.755838,0.496462,0.484533,4.924701
voipstream,7,RCRFilter,0.476252374763,5.865384615384615,4.0,1.1568870186688487,0.41803,0.19458,0.056545,0.079611
voipstream,8,ACDModule,0.149224468456,6.792899408284024,6.0,0.6237483528096776,0.056091,0.027053,0.008287,0.015639
voipstream,9,Scorer,0.265815828041,4.841715976331361,3.0,1.5821038767182785,0.406571,0.077781,0.037436,0.079224
voipstream,10,CT24Filter,0.342465753425,3.0384615384615383,2.0,0.8694349658044088,0.036071,0.036071,0.004701,0.009682
voipstream,11,URLModule,0.264458342985,3.838757396449704,3.0,0.7085953229284411,0.249378,0.249378,0.035058,0.055242
voipstream,12,sink,0.0,2.1246943765281174,1.0,0.734481815568731,0.110617,0.110617,0.052051,0.029722
sentimentanalysis,0,source,0.4999995,3873.87596899,2477.7,776.748460354,0.280461,0.206834,0.090738,0.091902
sentimentanalysis,1,classifier,0.996172,1944.9688716,1258.4,370.276769715,0.375595,0.218215,0.191016,0.064928
logprocessing,0,source,0.999996950965,28486.9304348,22806.7,4818.50057089,0.043009,0.029227,0.028538,0.085371
logprocessing,1,statuscounter,1.0,28486.8521739,22807.4,4818.63429911,0.012023,0.006269,0.005351,0.00241
logprocessing,2,geosummarizer,1.0,23770.6521739,13517.8,5251.32359471,0.016845,0.014871,0.008327,0.002482
logprocessing,3,volumecounter,1.0,28486.8434783,22855.4,4817.30960742,0.017182,0.01385,0.008834,0.002916
logprocessing,4,geolocator,0.83484881008,28473.7043478,16213.4,6373.58198923,0.049929,0.041278,0.029042,0.012457
spikedetection,0,source,0.959424000609,38276.45,30911.0,5562.16702202,0.042229,0.024022,0.021369,0.012016
spikedetection,1,spikedetector,0.715490969244,36724.9166667,29656.5,5255.35467021,0.009808,0.006946,0.00461,0.003445
spikedetection,2,movingaverage,1.0,36724.9166667,29655.65,5255.3416327,0.014176,0.008718,0.007291,0.001706
trendingtopics,0,source,1.0,4144.17842324,2865.0,650.403734582,0.31927,0.206813,0.087919,0.089178
trendingtopics,1,counter,4.24542600411,498.663900415,316.0,114.345980339,0.005916,0.002042,0.001058,0.00103
trendingtopics,3,intermediateranker,0.000364852538766,4074744,3039.8,585.400497492,0.001719,0.001245,0.000726,0.000494
trendingtopics,4,topicextractor,0.240162,2072.58921162,1433.0,325.183053025,0.048609,0.023109,0.0066,0.051121
trendingtopics,5,totalranker,1.0,2.0,2.0,0.0,0.12014,0.089103,0.061872,0.022063
wordcount,0,source,0.823231265153,72400.2592593,30454.2,30981.6799578,0.006318,0.003529,0.002832,0.003139
wordcount,1,splitter,10.3664328019,6158.65838509,1129.0,6294.12668361,0.059256,0.052932,0.036679,0.013768
wordcount,2,counter,0.999997588382,49131775,8653.2,49001.9907076,0.005676,0.004425,0.004027,0.000676
spamfilter,0,source,0.999900009999,5999,3.0,2.42425225585,0.68191,0.50672,4.473067,77.376311
spamfilter,1,tokenizer,192.8087,6.05204648813,3.0,2.56138771561,1432.876495,6.14952,26.986179,188.205821
spamfilter,2,wordprobability,1.0,965.350175088,198.0,684.603725208,0.021801,0.017833,0.012459,0.004729
spamfilter,3,bayesrule,0.00518648795412,965.832832833,198.85,684.631808929,0.002257,0.001073,0.00071,0.001598
frauddetection,0,source,0.9999998,76325.7076923,19530.0,23689.4679089,0.011274,0.007744,0.00728,0.000844
frauddetection,1,predictor,8.4e-05,76325.7076923,19529.6,23690.3899378,0.004569,0.00117,0.000909,0.000635
clickanalytics,0,source,0.9999995,32308.2786885,17815.0,8356.96653948,0.023535,0.014931,0.011388,0.003213
clickanalytics,1,totallocator,1.0,21095.9871795,9654.05,6042.92836656,0.012511,0.009006,0.007713,0.001204
clickanalytics,2,locator,0.8348675,24943.0759494,10405.9,7850.50394701,0.056648,0.042527,0.067172,1.195057
clickanalytics,3,visitrepeat,1.0,32308.2786885,17814.0,8285.38485929,0.01352,0.006929,0.005422,2
clickanalytics,4,visittotal,1.0,32308.2786885,17814.0,8284.08763268,0.017205,0.013142,0.005534,0.003077
machineoutlier,0,source,0.9999995,27884.3943662,5037.0,11659.85146,0.015608,0.010217,0.009838,0.029155
machineoutlier,1,anomalyscorer,24.3782060415,3886.21621622,47.05,18525.1871948,0.001867,0.000905,0.266702,4.941789
machineoutlier,2,alerttrigger,0.0497763361348,95010.1780822,24949.0,38592.3348938,0.000446,0.00029,0.000138,0.000104
machineoutlier,3,scorer,0.975876,34594.9285714,3602.0,20218.4704097,0.000788,0.000287,0.00055,0.007301
